-- phpMyAdmin SQL Dump
-- version 4.1.6
-- http://www.phpmyadmin.net
--
-- Host: 127.0.0.1
-- Generation Time: Apr 29, 2014 at 08:53 AM
-- Server version: 5.6.16
-- PHP Version: 5.5.9

SET SQL_MODE = "NO_AUTO_VALUE_ON_ZERO";
SET time_zone = "+00:00";


/*!40101 SET @OLD_CHARACTER_SET_CLIENT=@@CHARACTER_SET_CLIENT */;
/*!40101 SET @OLD_CHARACTER_SET_RESULTS=@@CHARACTER_SET_RESULTS */;
/*!40101 SET @OLD_COLLATION_CONNECTION=@@COLLATION_CONNECTION */;
/*!40101 SET NAMES utf8 */;

--
-- Database: `symfony`
--

-- --------------------------------------------------------

--
-- Table structure for table `crop`
--

CREATE TABLE IF NOT EXISTS `crop` (
  `cropId` int(11) NOT NULL AUTO_INCREMENT,
  `cropName` longtext COLLATE utf8_unicode_ci NOT NULL,
  PRIMARY KEY (`cropId`)
) ENGINE=InnoDB  DEFAULT CHARSET=utf8 COLLATE=utf8_unicode_ci AUTO_INCREMENT=47 ;

--
-- Dumping data for table `crop`
--

INSERT INTO `crop` (`cropId`, `cropName`) VALUES
(2, 'Rice'),
(3, 'Beans'),
(4, 'Potato'),
(5, 'Soybeans'),
(6, 'Mungbeans'),
(7, 'Sugar Cane'),
(8, 'Legumes'),
(9, 'White Potato'),
(10, 'Peanut'),
(11, 'Tomato'),
(12, 'Mango'),
(13, 'Banana'),
(14, 'Melon'),
(15, 'Watermelon'),
(16, 'Calamansi'),
(17, 'Grapes'),
(18, 'Mandarins'),
(19, 'Oranges'),
(20, 'Papaya'),
(21, 'Strawberry'),
(22, 'Cabbage'),
(23, 'Cauliflower'),
(24, 'Eggplant'),
(25, 'Sitao'),
(26, 'Onion'),
(27, 'Crucifers'),
(28, 'Cucurbits'),
(29, 'Garlic'),
(30, 'Cucumber'),
(31, 'Tobacco'),
(32, 'Cotton'),
(33, 'Cocoa'),
(34, 'Pepper'),
(35, 'Ornamentals'),
(36, 'Ginger'),
(37, 'Corn/ Sorghum'),
(38, 'Green Peas'),
(40, 'Squash'),
(41, 'Patola / Loofah'),
(42, 'Glyphosate-tolerant Corn'),
(43, 'Lanzones'),
(44, 'Rambutan'),
(45, 'Lemon'),
(46, 'Transplanted Rice');

-- --------------------------------------------------------

--
-- Table structure for table `cropproductrelational`
--

CREATE TABLE IF NOT EXISTS `cropproductrelational` (
  `entryId` int(11) NOT NULL AUTO_INCREMENT,
  `cropId` int(11) DEFAULT NULL,
  `productId` int(11) DEFAULT NULL,
  PRIMARY KEY (`entryId`),
  KEY `IDX_11994F0CE060B1F0` (`cropId`),
  KEY `IDX_11994F0C36799605` (`productId`)
) ENGINE=InnoDB  DEFAULT CHARSET=utf8 COLLATE=utf8_unicode_ci AUTO_INCREMENT=127 ;

--
-- Dumping data for table `cropproductrelational`
--

INSERT INTO `cropproductrelational` (`entryId`, `cropId`, `productId`) VALUES
(1, 37, 1),
(2, 7, 1),
(3, 2, 1),
(4, 26, 2),
(5, 11, 2),
(6, 24, 2),
(7, 31, 2),
(8, 3, 2),
(9, 6, 2),
(10, 22, 2),
(11, 16, 2),
(12, 30, 2),
(13, 36, 2),
(14, 17, 2),
(15, 18, 2),
(16, 12, 2),
(17, 14, 2),
(18, 19, 2),
(19, 20, 2),
(20, 34, 2),
(21, 2, 2),
(22, 21, 2),
(23, 13, 2),
(24, 24, 3),
(25, 7, 3),
(26, 38, 3),
(27, 28, 3),
(28, 12, 3),
(29, 26, 4),
(30, 2, 4),
(31, 32, 4),
(32, 24, 4),
(33, 37, 4),
(34, 31, 4),
(35, 7, 4),
(36, 8, 4),
(37, 9, 4),
(38, 2, 5),
(39, 29, 5),
(40, 12, 5),
(41, 24, 5),
(42, 11, 5),
(43, 27, 5),
(44, 26, 5),
(45, 28, 5),
(46, 4, 5),
(47, 2, 6),
(48, 12, 6),
(49, 37, 6),
(50, 31, 6),
(51, 3, 6),
(52, 11, 6),
(53, 6, 6),
(54, 40, 6),
(55, 25, 6),
(56, 15, 6),
(57, 24, 6),
(58, 26, 6),
(59, 32, 6),
(60, 13, 6),
(61, 22, 6),
(62, 41, 6),
(63, 42, 7),
(64, 42, 8),
(65, 2, 9),
(66, 12, 9),
(67, 43, 9),
(68, 44, 9),
(69, 26, 9),
(70, 11, 9),
(71, 33, 9),
(72, 37, 9),
(73, 32, 9),
(74, 6, 9),
(75, 15, 9),
(76, 26, 10),
(77, 29, 10),
(78, 41, 10),
(79, 24, 10),
(80, 12, 10),
(81, 16, 10),
(82, 45, 10),
(83, 25, 10),
(84, 22, 10),
(85, 23, 10),
(86, 4, 10),
(87, 3, 10),
(88, 34, 10),
(89, 10, 10),
(90, 17, 10),
(91, 35, 10),
(92, 2, 10),
(93, 37, 10),
(94, 31, 10),
(95, 32, 10),
(96, 11, 10),
(97, 13, 10),
(98, 30, 10),
(99, 14, 10),
(100, 15, 10),
(101, 12, 11),
(102, 31, 11),
(103, 24, 11),
(104, 11, 11),
(105, 2, 11),
(106, 37, 11),
(107, 3, 11),
(108, 14, 11),
(109, 13, 11),
(110, 46, 12),
(111, 11, 13),
(112, 3, 13),
(113, 34, 13),
(114, 2, 13),
(115, 16, 13),
(116, 24, 13),
(117, 22, 13),
(118, 15, 13),
(119, 12, 13),
(120, 4, 13),
(121, 5, 13),
(122, 6, 13),
(123, 32, 13),
(124, 25, 13),
(125, 42, 14),
(126, 42, 15);

-- --------------------------------------------------------

--
-- Table structure for table `farmer`
--

CREATE TABLE IF NOT EXISTS `farmer` (
  `id` int(11) NOT NULL AUTO_INCREMENT,
  `name` longtext COLLATE utf8_unicode_ci NOT NULL,
  `locationId` int(11) DEFAULT NULL,
  PRIMARY KEY (`id`),
  KEY `IDX_EB29A9B996D7286D` (`locationId`)
) ENGINE=InnoDB  DEFAULT CHARSET=utf8 COLLATE=utf8_unicode_ci AUTO_INCREMENT=3982 ;

--
-- Dumping data for table `farmer`
--

INSERT INTO `farmer` (`id`, `name`, `locationId`) VALUES
(1, 'Arnold Magaoay', 1),
(2, 'Marcelino Pasion', 1),
(3, 'John Ramiscal', 1),
(4, 'Arnel Galapia', 1),
(5, 'Erick Ramiscal', 1),
(6, 'Cris Rosales', 1),
(7, 'Ludricio Lagadon', 1),
(8, 'Arnel Agustin', 1),
(9, 'Dencio Acidera', 1),
(10, 'Carlo Domingo', 1),
(11, 'Mario Visaya', 1),
(12, 'Nestor Ramelb', 1),
(13, 'Alicia Cacal', 1),
(14, 'Jovencio Barut', 1),
(15, 'Narciso Galapon', 1),
(16, 'Margarette Acio', 1),
(17, 'Mario Ramiro', 1),
(18, 'Ernesto Acio', 1),
(19, 'Sergio Aguinaldo', 1),
(20, 'Rey Ramiscal', 1),
(21, 'Miguel Visaya', 1),
(22, 'Alejandreno Pajinag', 2),
(23, 'Gilbert Pagdilao', 2),
(24, 'Rudy Sarmiento', 2),
(25, 'Beth Agapay', 2),
(26, 'Rodel Salviejo', 2),
(27, 'Vic Aurelliano', 2),
(28, 'Nathaniel Lorenzo', 3),
(29, 'Rex Ladia', 3),
(30, 'Harold Castillo', 3),
(31, 'Juancho Pascua', 3),
(32, 'Freddie Rondal', 3),
(33, 'Alex Bagay', 4),
(34, 'Alex Castro', 4),
(35, 'Alfredo Alibuyog', 4),
(36, 'Alfredo Aurelio', 4),
(37, 'Angelita Dela Cruz', 4),
(38, 'Antonio Maloom', 4),
(39, 'Ashley Barroga', 4),
(40, 'Aureliano Taluban', 4),
(41, 'Bernie Terrenal', 4),
(42, 'Bonifacio Baga', 4),
(43, 'Carlito Cuaresma', 4),
(44, 'Catalina Camalig', 4),
(45, 'Celestino Pucan', 4),
(46, 'Charlie Paguibitan', 4),
(47, 'Chito Julian', 4),
(48, 'Coronalyn Bernardo', 4),
(49, 'Cris Ugot', 4),
(50, 'Da Vinci Crisostomo', 4),
(51, 'Danny Rosal', 4),
(52, 'Dante Camalig', 4),
(53, 'Diony Pimentero', 4),
(54, 'Doming Menor', 4),
(55, 'Doming Pano', 4),
(56, 'Edgar Gabbac', 4),
(57, 'Elena Mariano', 4),
(58, 'Erlinda Bagay', 4),
(59, 'Ernesto Lacambra', 4),
(60, 'Ernesto Mirasol', 4),
(61, 'Esminio Arcedon', 4),
(62, 'Evereth Ugot', 4),
(63, 'Felix Ugot', 4),
(64, 'Franklin Quiaoit', 4),
(65, 'Gabriel Verdadero', 4),
(66, 'Gilbert Alegre', 4),
(67, 'Gina Parbo', 4),
(68, 'Glenn Lacambra', 4),
(69, 'Glenna Pronton', 4),
(70, 'Gregorio Lacaba', 4),
(71, 'Imelda Lacambra', 4),
(72, 'Isagani Dulig', 4),
(73, 'Jasper Christian Saplan', 4),
(74, 'Jeffrey Sugui', 4),
(75, 'Jerson Sugui', 4),
(76, 'Jessie Bagay', 4),
(77, 'Joel Adamana', 4),
(78, 'Joel Inda', 4),
(79, 'Jomar Arellano', 4),
(80, 'Jonel Valenzuela', 4),
(81, 'Jose Pagtama', 4),
(82, 'Juius Yaba', 4),
(83, 'Larry Pucan', 4),
(84, 'Leoncio Bayangos', 4),
(85, 'Leonora Bensan', 4),
(86, 'Lina Catudan', 4),
(87, 'Lorie Mariano', 4),
(88, 'Marlon Quisquis', 4),
(89, 'Mateo Tolentino', 4),
(90, 'Meldian Raneses', 4),
(91, 'Meljane Pagtama', 4),
(92, 'Michael Salut', 4),
(93, 'Nenita Alibuyog', 4),
(94, 'Nolie Orque', 4),
(95, 'Rafael Bayangos', 4),
(96, 'Randy Ugot', 4),
(97, 'Rex Sibucao', 4),
(98, 'Rey Manglal-lan', 4),
(99, 'Rey Pacunayen', 4),
(100, 'Reynaldo Orcino', 4),
(101, 'Ricardo Clemente', 4),
(102, 'Richard Burlas', 4),
(103, 'Ricky Abuy', 4),
(104, 'Rico Manglal-lan', 4),
(105, 'Robert Pano', 4),
(106, 'Rodolfo Pagtama', 4),
(107, 'Rodolfo Pagtama', 4),
(108, 'Rogelio Donato', 4),
(109, 'Roger Tangonan', 4),
(110, 'Roldan Mangabat', 4),
(111, 'Romeo Acapuyan', 4),
(112, 'Ronald Royo', 4),
(113, 'Ronie Ramos', 4),
(114, 'Ronny Ramos', 4),
(115, 'Ruel Portugal', 4),
(116, 'Ruewell Tulali', 4),
(117, 'Sanoy Quilala', 4),
(118, 'Sheila Sipisip', 4),
(119, 'Teddy Rafanan', 4),
(120, 'Teresita Delos Reyes', 4),
(121, 'Erlinda Bagay', 4),
(122, 'Gabrial Verdadero', 4),
(123, 'June Soriano', 4),
(124, 'Luncio Bayangos', 4),
(125, 'Tony Bagoisan', 4),
(126, 'Boyet Nino', 5),
(127, 'Amor Gaor', 5),
(128, 'Arnel Alcantara', 5),
(129, 'Basilio Pungtilan', 5),
(130, 'Charles Agcaoili', 5),
(131, 'Cris Quinacon', 5),
(132, 'Dave Cantilado', 5),
(133, 'Deryll Sarian', 5),
(134, 'Feliciano Sacaden', 5),
(135, 'Gerald Bisac', 5),
(136, 'Glenn Lacambra', 5),
(137, 'Inocencio Dutdut', 5),
(138, 'Jeff Bagasol', 5),
(139, 'Jose Matutino', 5),
(140, 'Mariano Narciso', 5),
(141, 'Mark Teodoro', 5),
(142, 'Melvin Juan', 5),
(143, 'Neil Valdez', 5),
(144, 'Nelson Dela Cruz', 5),
(145, 'Rafael Bayangos', 5),
(146, 'Ronnel  Bagaoisan', 5),
(147, 'Silvestre Briones', 5),
(148, 'Tony Bagaoisan', 5),
(149, 'Frederick Valente', 6),
(150, 'Andres Lianes', 7),
(151, 'Ariel Cabantangan', 7),
(152, 'Rowel Francisco', 7),
(153, 'Beth Valencia', 7),
(154, 'Robert Rondal', 7),
(155, 'Richard Asuncion', 7),
(156, 'Michael Tagama', 7),
(157, 'Melicio Urbeta', 7),
(158, 'James Ceredon', 7),
(159, 'Elmer Miguel', 7),
(160, 'Flaviano Gajete', 7),
(161, 'Jestoni Pasion', 7),
(162, 'Leonardo Ablao', 7),
(163, 'Lyndon Madrid', 7),
(164, 'Berto Macadang', 7),
(165, 'Melanio Ramos', 7),
(166, 'Nonie Serrano', 7),
(167, 'Danilo Tuliao', 7),
(168, 'William Calaranan', 7),
(169, 'Rolando Corpuz', 7),
(170, 'Reymundo Libato', 7),
(171, 'Ludy Salvatierra', 7),
(172, 'Razel Ramiro', 7),
(173, 'Menard Fiesta', 7),
(174, 'Marlon Visconde', 7),
(175, 'Miguel Corpuz Agustin', 7),
(176, 'Elmer Flordeliza', 7),
(177, 'Ronnie Raquel', 7),
(178, 'Jovito Mauricio', 7),
(179, 'Francis Verdadero', 7),
(180, 'Hermenio Felipe', 7),
(181, 'Rommel Macadang', 7),
(182, 'Gener Fuerte', 7),
(183, 'Dominador Uganiza', 7),
(184, 'Marlon Valencia', 7),
(185, 'Bobby Maneja', 7),
(186, 'Freddie Tungpalan', 7),
(187, 'Francisco Agcanas', 7),
(188, 'Theresa Tamayo', 7),
(189, 'Rodel Apostol', 7),
(190, 'Arnel Alop', 7),
(191, 'Allan Alop', 7),
(192, 'Rel Alop', 7),
(193, 'Leticia Verdadero', 7),
(194, 'Felix Calamayan', 7),
(195, 'Felix Pasion Jr', 7),
(196, 'Marjorie Ceredon', 7),
(197, 'Rodolfo Balais', 7),
(198, 'Constante Suguitan', 7),
(199, 'Rafael Madalipay', 7),
(200, 'Ernesto Madarang', 7),
(201, 'Jensen Pascua', 8),
(202, 'Jeff Nacino', 9),
(203, 'Santiago Simon', 9),
(204, 'Arnel Martin', 9),
(205, 'Benjie Pajarillo', 9),
(206, 'Edwin Marcelo', 9),
(207, 'Joshua Martin', 9),
(208, 'Michael Palting', 9),
(209, 'Rexie Ballesteros', 9),
(210, 'Rene Baoit', 10),
(211, 'Rogelio Tolentino', 10),
(212, 'Felimon Aguto', 10),
(213, 'Eric Dela Cruz', 10),
(214, 'Jenie Espelembergo', 10),
(215, 'Joel Lubong', 10),
(216, 'Juanito Sipagan', 11),
(217, 'Albert Bagaoisan', 12),
(218, 'Danilo Ulep', 12),
(219, 'Isagani Lutap', 12),
(220, 'Marcela Tagata', 12),
(221, 'Roy Saducos', 12),
(222, 'Rudy Thomas', 12),
(223, 'Zeus Bundad', 12),
(224, 'Alvin Licuan', 13),
(225, 'Constante Julian', 14),
(226, 'Metadio Danaw', 14),
(227, 'James Cenal', 15),
(228, 'Ricardo Gajes', 15),
(229, 'Susan Flores', 15),
(230, 'Allan Coloma', 15),
(231, 'Albert Ihano', 16),
(232, 'Alberto Cortez', 16),
(233, 'Alex Natividad', 16),
(234, 'Alfredo Alibuyog', 16),
(235, 'Alfredo Pascual', 16),
(236, 'Allan Jay Rumbaoa', 16),
(237, 'Allan Rumbaoa', 16),
(238, 'Allen Domingo', 16),
(239, 'Antonio Domingo', 16),
(240, 'Arnel Dadiz', 16),
(241, 'Benjamin Ruiz', 16),
(242, 'Bernard Asuncion', 16),
(243, 'Bryan Asuncion', 16),
(244, 'Cesar Asuncion', 16),
(245, 'Christopher Bagay', 16),
(246, 'Cyrus Barayoga', 16),
(247, 'Daniel Badua', 16),
(248, 'Dantes Suco', 16),
(249, 'Denis Andres', 16),
(250, 'Deniss Agustin', 16),
(251, 'Derryl Sarian', 16),
(252, 'Eddie Magayanan', 16),
(253, 'Edilberto Leones', 16),
(254, 'Edilberto Liones', 16),
(255, 'Editha Agonoy', 16),
(256, 'Edna Macatumbas', 16),
(257, 'Elison Barayoga', 16),
(258, 'Elmer Bunli', 16),
(259, 'Esteban Jose', 16),
(260, 'Ferdinand Jose', 16),
(261, 'Ferdinand Laoan', 16),
(262, 'Fidel Macatumbas', 16),
(263, 'Gregorio Bagaoisan', 16),
(264, 'Isagani Abrigado', 16),
(265, 'Jaime Damo', 16),
(266, 'Jerry Macalutas', 16),
(267, 'Jimmy Pasion', 16),
(268, 'Jun Madamba', 16),
(269, 'Justo Macatumbas', 16),
(270, 'Juvelyn Domingo', 16),
(271, 'Lanie Baquiran', 16),
(272, 'Larry Lucaban', 16),
(273, 'Leonardo Garo', 16),
(274, 'Linlee Martes', 16),
(275, 'Lita Agonoy', 16),
(276, 'Loreto Sauit', 16),
(277, 'Lydia Fiesta', 16),
(278, 'Maribel Asuncion', 16),
(279, 'Marie Agonoy', 16),
(280, 'Mario Asuncion', 16),
(281, 'Maximina Jose', 16),
(282, 'Melchor Garo', 16),
(283, 'Nelson Manuel', 16),
(284, 'Nestor Abadilla', 16),
(285, 'Nom Rahon', 16),
(286, 'Norma Agcaoili', 16),
(287, 'Pedro Fiesta', 16),
(288, 'Pepe Balanay', 16),
(289, 'Pepito Dumrique', 16),
(290, 'Refmad Farm', 16),
(291, 'Rey Cabuga', 16),
(292, 'Reynante Asuncion', 16),
(293, 'Ricky Ramos', 16),
(294, 'Rinnie Camagon', 16),
(295, 'Rosaldo Asuncion', 16),
(296, 'Rogelio Tabling', 16),
(297, 'Ronnel Hactor', 16),
(298, 'Rowel Cabuga', 16),
(299, 'Rowen Cabuga', 16),
(300, 'Ruben Bumanglag', 16),
(301, 'Ruby Acnam', 16),
(302, 'Rudy Arsalye', 16),
(303, 'Ryan Bermudes', 16),
(304, 'Samuel Dawa', 16),
(305, 'Senecio Badua', 16),
(306, 'Sevio Tabios', 16),
(307, 'Sidro Madamba', 16),
(308, 'Sonny Basuel', 16),
(309, 'Sonny Dumlao', 16),
(310, 'Teddy Siripan', 16),
(311, 'Tony Maor', 16),
(312, 'Adelyn Deuz', 16),
(313, 'Aga Asuncion', 16),
(314, 'Alden  Agustin', 16),
(315, 'Alex Ventura', 16),
(316, 'Allan Ruiz', 16),
(317, 'Analiza Banfield', 16),
(318, 'Andres Cristobal', 16),
(319, 'Angelo Manuel', 16),
(320, 'Archie Agustin', 16),
(321, 'Arnel Dadiz', 16),
(322, 'Arnel Dumingsil', 16),
(323, 'Arnold Corpuz', 16),
(324, 'Arsenio Ulep', 16),
(325, 'Arthur Bagaoisan', 16),
(326, 'Arturo Agustin', 16),
(327, 'Bartolome Marquez', 16),
(328, 'Benjamin Albano', 16),
(329, 'Benny Ulep', 16),
(330, 'Boy Fiesta', 16),
(331, 'Boyet Ventura', 16),
(332, 'Casiano Salvador', 16),
(333, 'Cayetano Guillermo', 16),
(334, 'Ceasar Cristobal', 16),
(335, 'Ceasario Gonzales', 16),
(336, 'Charles Manuel', 16),
(337, 'Christopher Ulep', 16),
(338, 'Cornelio Macatumbas', 16),
(339, 'Daniel Pacual', 16),
(340, 'Dian Cabanos', 16),
(341, 'Dominador Agustin', 16),
(342, 'Eduardo Butay', 16),
(343, 'Edwardo Agustin', 16),
(344, 'Edwin Morales', 16),
(345, 'Elmer Bonilla', 16),
(346, 'Ely Pasion', 16),
(347, 'Emerson Coloma', 16),
(348, 'Eric Bactin', 16),
(349, 'Erlinda Ventura', 16),
(350, 'Faustino Deuz', 16),
(351, 'Fe Fernandez', 16),
(352, 'Felicidad Bumanglag', 16),
(353, 'Fermin Austin', 16),
(354, 'Florante Matias', 16),
(355, 'Florida Pascua', 16),
(356, 'Florida Pasion', 16),
(357, 'Franklin Agustin', 16),
(358, 'Gerald Bagaoisan', 16),
(359, 'Ginbert Allado', 16),
(360, 'Harlie Ulep', 16),
(361, 'Henry William Guillermo, Jr.', 16),
(362, 'Isagani Abrigado', 16),
(363, 'Jade Guillermo', 16),
(364, 'Jansen Valdez', 16),
(365, 'Jasper Ribuca', 16),
(366, 'Jay-ar Ventura', 16),
(367, 'Jayson Ligsay', 16),
(368, 'Jeffrey Basug', 16),
(369, 'Jeffrey Raquel', 16),
(370, 'Jeniffer Daquiag', 16),
(371, 'Jerry Garcia', 16),
(372, 'Jerry Ventura', 16),
(373, 'Jhovany Tomamao', 16),
(374, 'Jimmy Ulep', 16),
(375, 'Jomar Alcausin', 16),
(376, 'Jomer Salvador', 16),
(377, 'Jorge Valdez', 16),
(378, 'Josente Joaquin', 16),
(379, 'Juanita Manuel', 16),
(380, 'June Lopez', 16),
(381, 'Karen Joy Calaramo', 16),
(382, 'Leo Barit', 16),
(383, 'Leonard Semana', 16),
(384, 'Leticia Aguiran', 16),
(385, 'Lileth Galing', 16),
(386, 'Lita Curimao', 16),
(387, 'Lloyd Batugo', 16),
(388, 'Macario Balinbin', 16),
(389, 'Maria Ulep', 16),
(390, 'Mariejoe Ballesteros', 16),
(391, 'Marilyn Gaoat', 16),
(392, 'Mario Domingsil', 16),
(393, 'Mark Valdez', 16),
(394, 'Melchor Viernes', 16),
(395, 'Melvin Ildefonso', 16),
(396, 'Mylene Bimbo', 16),
(397, 'Nastor Badua', 16),
(398, 'Nestor Cabuga', 16),
(399, 'Nestor Castillo', 16),
(400, 'Nora Cadudan', 16),
(401, 'Orlando Duldulao', 16),
(402, 'Oscar Cristobal', 16),
(403, 'Osias Ulep', 16),
(404, 'Patricio Bernardo', 16),
(405, 'Paul John Butay', 16),
(406, 'Philip Bulong', 16),
(407, 'Randy Pagadua', 16),
(408, 'Regie Hermond', 16),
(409, 'Remio Agustin', 16),
(410, 'Remy Asuncion', 16),
(411, 'Rey Bagaoisan', 16),
(412, 'Rhonelle Adrias', 16),
(413, 'Richard Gungab', 16),
(414, 'Ricky Ramos', 16),
(415, 'Rolly Cabanos', 16),
(416, 'Rolly June Dumayag', 16),
(417, 'Romeo Valdez', 16),
(418, 'Rosita Lopez', 16),
(419, 'Rowena Boco', 16),
(420, 'Ruben Corpuz', 16),
(421, 'Rudy Barit', 16),
(422, 'Ryan  Miguel', 16),
(423, 'Sammy Justo', 16),
(424, 'Santiago Manuel', 16),
(425, 'Santiago Pundoc', 16),
(426, 'Sevirina Ventura', 16),
(427, 'Sherwin Asucion', 16),
(428, 'Sidrino Cacho', 16),
(429, 'Silvestre Agustin', 16),
(430, 'Sonny Antolin', 16),
(431, 'Tante Macatumbas', 16),
(432, 'Tomas Agustin, Jr.', 16),
(433, 'Tonton Abuluyan', 16),
(434, 'Vangie Bernardo', 16),
(435, 'Vangie Casiano', 16),
(436, 'Vidal Macatumbas', 16),
(437, 'Violeta Agcaoili', 16),
(438, 'Wilbert Butay', 16),
(439, 'Willy Caraang', 16),
(440, 'Wilson Samiling', 16),
(441, 'Ronel Biala', 16),
(442, 'Edison Bolibol', 17),
(443, 'Joeanne Bueno', 17),
(444, 'Loreto Agcaoili', 17),
(445, 'Margie Ramos', 17),
(446, 'Poly Bulibol', 17),
(447, 'Loreto Agcaoili', 17),
(448, 'Marlon  Ganitano', 17),
(449, 'Manuel Calamaan Balicoco', 17),
(450, 'Jimmy Maluyo Ganir', 17),
(451, 'Ignasio Llantero Ganotisi', 17),
(452, 'Domingo Quilala Gantala', 17),
(453, 'Fedencio Gantala Gantala', 17),
(454, 'Filomeno Jr. Balicat Gantala', 17),
(455, 'Lazaro Gantala Gantala', 17),
(456, 'Nestor Agpalasin Gantala', 17),
(457, 'Rodel Domingo Gantala', 17),
(458, 'Zocimo Doroni Gantala', 17),
(459, 'Fernando  Castillo Gante', 17),
(460, 'Rodrigo Castillo Gante', 17),
(461, 'Francisco Aguilar Hermano', 17),
(462, 'Jacinto Ucol Hermano', 17),
(463, 'Carlos Hermano James', 17),
(464, 'Isidro Rasalan James', 17),
(465, 'Mariano Hermano James', 17),
(466, 'Melanio James James', 17),
(467, 'Melvin Hermano James', 17),
(468, 'Rosa  Hermano James', 17),
(469, 'Jonas Gantala Maluyo', 17),
(470, 'Rinie  Agnir Ruiz', 17),
(471, 'Walito Medrano Ruiz', 17),
(472, 'Wilmar Agnir Ruiz', 17),
(473, 'Mario Rasalan Lagula', 17),
(474, 'Ireneo Rarangol Rasalan', 17),
(475, 'Onofre Tagaca Sonajo', 17),
(476, 'Tomas Rasalan Sonajo', 17),
(477, 'Mc Bernard Valencia', 18),
(478, 'William Martillano', 19),
(479, 'Arcelie Martillano', 19),
(480, 'Eddie Ross', 19),
(481, 'Joemar Judalena', 19),
(482, 'Charlie Delos Reyes', 19),
(483, 'Albert Bansaen', 20),
(484, 'Amar Acupan', 20),
(485, 'Antonio Gavina', 20),
(486, 'Antonio Siding', 20),
(487, 'Berry Batiw-an', 20),
(488, 'Bonifacio La', 20),
(489, 'Eddie Boy Lobendino', 20),
(490, 'Efren Colyong', 20),
(491, 'Ferdinand Lopenna', 20),
(492, 'Fernando Lopenna', 20),
(493, 'James De Jesus', 20),
(494, 'Jocelyn Camitog', 20),
(495, 'Johnny Tiglao', 20),
(496, 'Jordan Lopenna', 20),
(497, 'Leonardo Lobendino', 20),
(498, 'Marina Aquino', 20),
(499, 'Marlyn Singao', 20),
(500, 'Mauro Alego', 20),
(501, 'Napoleon Gao-ay', 20),
(502, 'Nelson Bangaoil', 20),
(503, 'Nelson Gavina', 20),
(504, 'Nelson Lopenna', 20),
(505, 'Nicanor Banglay', 20),
(506, 'Nicon Villalos', 20),
(507, 'Patricia Bandioan', 20),
(508, 'Pedro Villalos', 20),
(509, 'Rem Lales', 20),
(510, 'Rick Lozano', 20),
(511, 'Rodrigo Calam-ang', 20),
(512, 'Romeo Adipen', 20),
(513, 'Romeo Aquino', 20),
(514, 'Rosita Lioan', 20),
(515, 'Roy Galibot', 20),
(516, 'Ruben Adawi', 20),
(517, 'Rufino Galing', 20),
(518, 'Susan Ngaseo', 20),
(519, 'Danny Piniano', 20),
(520, 'Gilbert Kitan', 20),
(521, 'Luzon Hydro Corporation', 20),
(522, 'Milanda Lobindino', 20),
(523, 'Wendy Villalos', 20),
(524, 'Joseph Singao', 20),
(525, 'Rey Lozano', 20),
(526, 'Joel Dungpaen', 20),
(527, 'Marlon Visco', 21),
(528, 'Sandy Pusayen', 22),
(529, 'Filemon Datpaas', 22),
(530, 'Adoracion Sigwayan', 22),
(531, 'Anita Tallawan', 22),
(532, 'Bonie Dominguez', 22),
(533, 'Brent Bayag-o', 22),
(534, 'Domingo Barlatong', 22),
(535, 'Felimon Datpa-as', 22),
(536, 'Jose Ore', 22),
(537, 'Leonora Adiwang', 22),
(538, 'Lorna Lacaden', 22),
(539, 'Mario Gasita', 22),
(540, 'Mateo Datpa-as', 22),
(541, 'Robert Lacaden', 22),
(542, 'Roberto Delos Reyes', 22),
(543, 'Ruben Wadawad', 22),
(544, 'Virgilio Alladog', 22),
(545, 'Anthony Capsuyen', 22),
(546, 'Aquino Aquilod', 22),
(547, 'Mateo Datpa-as', 22),
(548, 'Lorna Lacaden', 22),
(549, 'Dadpaas Mateo', 22),
(550, 'Pacita Molina', 23),
(551, 'Cora Bersamina', 23),
(552, 'Dante Vilog', 23),
(553, 'Francisco Bang Asan', 23),
(554, 'Jojo Manzano', 23),
(555, 'Lito Uminga', 23),
(556, 'Arnel Incad', 23),
(557, 'Rolando Corpuz', 23),
(558, 'Adolfo Binnagen', 23),
(559, 'Joseph Bang-asan', 23),
(560, 'Jessie Baguioen', 23),
(561, 'Joseph Galindo', 23),
(562, 'Abner Togupen', 23),
(563, 'Conrado Cortez', 23),
(564, 'Julio Soliven', 23),
(565, 'Elsie Gamalog', 24),
(566, 'Alfredo Lacanaria', 24),
(567, 'Andring Molina', 24),
(568, 'Allan Ventura', 24),
(569, 'Darwin Carbonell', 24),
(570, 'Nelia Valencia', 24),
(571, 'Anita Valencia', 24),
(572, 'Elena Soliven', 24),
(573, 'Jojo Ballocanag', 24),
(574, 'Julius Ramirez', 24),
(575, 'Tony Garcia', 24),
(576, 'Tony Soliven', 24),
(577, 'Estela Villanueva', 24),
(578, 'Jose Ramirez', 24),
(579, 'Mario Carbonel', 24),
(580, 'Joseph Ramirez', 24),
(581, 'Herman Lorenzana', 24),
(582, 'Allan Silapan', 24),
(583, 'Gabino Silapan', 24),
(584, 'Kenny Jainar', 24),
(585, 'Melchor Javinar', 24),
(586, 'Raffy Barbado', 24),
(587, 'Vincent Alacar', 24),
(588, 'Christian Lozano', 24),
(589, 'Marvin Lozano', 24),
(590, 'Dario Rafanan', 24),
(591, 'Conrado Rapanot', 24),
(592, 'Josie Rasonable', 24),
(593, 'Nancy Ragasa', 24),
(594, 'Warlito Ragaza', 24),
(595, 'Ruth Ragadio', 24),
(596, 'Cesar Dela Cruz', 24),
(597, 'Arnel Jacildo', 24),
(598, 'Bong Dela Cruz', 24),
(599, 'Jay-r Vergara', 24),
(600, 'Joy Jacildo', 24),
(601, 'Lourdes Vergara', 24),
(602, 'Rowena Acosta', 24),
(603, 'Sebastian Garabiles', 24),
(604, 'Servillano Hortizuela', 24),
(605, 'Victor Villanueva', 24),
(606, 'Amante Gasmen', 24),
(607, 'Jenny Rivera', 24),
(608, 'Nilo Javillonar', 24),
(609, 'Herminio Valdez', 24),
(610, 'Carmen Leonson', 24),
(611, 'Boy Barroga', 24),
(612, 'John Ravilo', 24),
(613, 'Rey Bassi', 24),
(614, 'Romeo Consebido', 24),
(615, 'Samuel Lau-ayan', 24),
(616, 'Santi Alabaso', 24),
(617, 'Biner Angeles', 24),
(618, 'Allan Alay-ay', 24),
(619, 'Charlie Cudiamat', 24),
(620, 'Dominador Bustillos', 24),
(621, 'Erles David', 24),
(622, 'Erlyn Tingle', 24),
(623, 'Ferdinand Carrido', 24),
(624, 'Larren Licudine', 24),
(625, 'Mylene Pacleb', 24),
(626, 'Norma Rapanot', 24),
(627, 'Walter Juldo', 24),
(628, 'Erik Salvador', 24),
(629, 'Lorence Lozano', 24),
(630, 'Renato Afalla', 24),
(631, 'John Lucena', 24),
(632, 'Fernando Javar', 24),
(633, 'Emily Cabacungan', 24),
(634, 'Johnny Rentar', 24),
(635, 'Ryan Rentar', 24),
(636, 'Wencislao Cortez', 24),
(637, 'Bernie Mendoza', 24),
(638, 'Julius Gungani', 24),
(639, 'Myrna Regaido', 24),
(640, 'Ben Javonillo', 24),
(641, 'Herman Laurenzana', 24),
(642, 'Ritchel Ragandap', 24),
(643, 'Manuel Valencia', 24),
(644, 'Norma Fontanilla', 24),
(645, 'Arnold Hafalla', 24),
(646, 'Christian Lozano', 24),
(647, 'Dominador Bustillos', 24),
(648, 'Ed Bustillos', 24),
(649, 'Efren Hafalla', 24),
(650, 'Efren Javillonar', 24),
(651, 'Reggie Lozano', 24),
(652, 'Albert Raras', 24),
(653, 'Charlie Cudiamat', 24),
(654, 'Danny Gacite', 24),
(655, 'Roland Dumocmat', 24),
(656, 'Christian Javillonar', 24),
(657, 'Godofredo Abrero', 24),
(658, 'Nicky Dolores', 24),
(659, 'Elsie Gamalog', 24),
(660, 'Danny Masanda', 24),
(661, 'Henry Abaya', 25),
(662, 'Richard Ammata', 25),
(663, 'Flor Bang-asan', 25),
(664, 'Pamela Hadap', 25),
(665, 'Catalino Cabasal', 25),
(666, 'Catalino Vilog', 25),
(667, 'Teofilo Bilog', 25),
(668, 'Ricardo Sanchez', 25),
(669, 'Dominador Dolores', 25),
(670, 'Allan Domingo', 25),
(671, 'Romeo Sunio', 25),
(672, 'Lorna Sunio', 25),
(673, 'Glen Valdez', 25),
(674, 'Reynaldo Valdez', 25),
(675, 'Pedro Hagad', 25),
(676, 'Manuel Moreno', 25),
(677, 'Ernesto Vilog', 25),
(678, 'Eddie Habon', 25),
(679, 'Manuel Habon', 25),
(680, 'Marcelino Gapong', 25),
(681, 'Benjamin Alviento', 25),
(682, 'Benserly Alviento', 25),
(683, 'Andres Habon', 25),
(684, 'Reynaldo Sanchez', 25),
(685, 'Fernando Sanchez', 25),
(686, 'Anacleto Habon', 25),
(687, 'Noli Hingasca', 25),
(688, 'Dominica Lavaro', 25),
(689, 'Francisco Alviento', 25),
(690, 'Danilo Gadier', 25),
(691, 'Zenaida Gadier', 25),
(692, 'Angie Gadier', 25),
(693, 'Elena Hernaez', 25),
(694, 'Roger Ibuyot', 25),
(695, 'Joseph Angala', 25),
(696, 'Arvy Salgado', 25),
(697, 'Elmer Cortez', 25),
(698, 'Jaijie Dela Pena', 25),
(699, 'Loreto Tougan', 25),
(700, 'Lorenzo Abaya', 25),
(701, 'Shenning Ramos', 25),
(702, 'Kevin Estabillo', 25),
(703, 'Rowel Halabaso', 25),
(704, 'Rey Habab', 25),
(705, 'Raymundo Tajalne', 25),
(706, 'Juanita Suyat', 25),
(707, 'Anastacia Lavaro', 25),
(708, 'Benjamin Estabillo', 25),
(709, 'Ruben Cajalne', 25),
(710, 'Dionisio Marquez', 25),
(711, 'Rodrigo Manzano', 25),
(712, 'Benito Leonin', 25),
(713, 'Rosalinda Habab', 25),
(714, 'Emeterio Marquez', 25),
(715, 'Edgardo Habab', 25),
(716, 'Ignacio Herana', 25),
(717, 'Ernesto Haduca', 25),
(718, 'Eriditha Haduca', 25),
(719, 'Celso Haduca', 25),
(720, 'Framcisco Halabas', 25),
(721, 'Federico Estabillo', 25),
(722, 'Dominador Halabas', 25),
(723, 'Emiliano Habos', 25),
(724, 'Eddie Estabillo', 25),
(725, 'Ericson Estabillo', 25),
(726, 'Adriano Halabas', 25),
(727, 'Magdalena Leonin', 25),
(728, 'Juan Haduca', 25),
(729, 'Alberto Cayetano', 25),
(730, 'Andronico Haduca', 25),
(731, 'Francisco Manzano', 25),
(732, 'Corazon Turqueza', 25),
(733, 'Estefania Halugay', 25),
(734, 'Reynaldo Bermillo', 25),
(735, 'Marina Halabas', 25),
(736, 'Miguel Halabas', 25),
(737, 'Luis Halabas', 25),
(738, 'Rodrigo Halabas', 25),
(739, 'Elpidio Halabas', 25),
(740, 'Rosalina Hagunos', 25),
(741, 'John Hagunos', 25),
(742, 'Angelina Hagunos', 25),
(743, 'Leonardo Ramos', 25),
(744, 'Henry Ramos', 25),
(745, 'Orlando Habon', 25),
(746, 'Francisco Habon', 25),
(747, 'Rudy Aglibot', 25),
(748, 'Reynante Ramos', 25),
(749, 'Steve Riduca', 25),
(750, 'Benigno Meman', 25),
(751, 'Pedro Salgado', 25),
(752, 'Max Moreno', 25),
(753, 'Rodolfo Hader', 25),
(754, 'Teddy Moreno', 25),
(755, 'Greg Hermosura', 25),
(756, 'Elvira Bicasan', 25),
(757, 'Danny Vilog', 25),
(758, 'Jonathan Bugoasen', 25),
(759, 'Flor Sidayen', 25),
(760, 'Tony Bangsoy', 25),
(761, 'Rolando Fernandez', 25),
(762, 'June Habab', 25),
(763, 'Amor Haboc', 25),
(764, 'Teofilo Chan', 25),
(765, 'Antonio Hallascon', 25),
(766, 'Belinda Lacaden', 25),
(767, 'Liza Halnas', 25),
(768, 'Roderick Halnas', 25),
(769, 'Mario Halnas', 25),
(770, 'Rufino Agiam', 25),
(771, 'Rudy Habab', 25),
(772, 'Antonio Hallascon', 25),
(773, 'Rufino Agiam', 25),
(774, 'Cesar Habab', 25),
(775, 'Roberto Habab', 25),
(776, 'Narciso Fabro', 25),
(777, 'Romeo Habab', 25),
(778, 'Loreto Habab', 25),
(779, 'Ben Hortizuela', 25),
(780, 'Virgillo Hortizuela', 25),
(781, 'Romeo Habab', 25),
(782, 'Fernando Javilllo', 25),
(783, 'Cesar Habab', 25),
(784, 'Felipe Habab', 25),
(785, 'Mario Javillo', 25),
(786, 'Roderick Halnas', 25),
(787, 'Romeo Habab', 25),
(788, 'Leo Habab', 25),
(789, 'Renato Dela Rosa', 25),
(790, 'Leodencio Libao', 25),
(791, 'Sammy Almazan', 25),
(792, 'Dominador Almazan', 25),
(793, 'Epifania Cortez', 25),
(794, 'Rosendo Isidro, Jr.', 25),
(795, 'Grace Halaman', 25),
(796, 'Armando Halaman', 25),
(797, 'Innocensia Isidro', 25),
(798, 'Allan Pilar', 25),
(799, 'Jojo Pascua', 25),
(800, 'Ryan Tolentino', 25),
(801, 'Jeff Halabaso', 25),
(802, 'Marvin Mon', 25),
(803, 'Nestor Haduc', 25),
(804, 'Reymond Hafalla', 25),
(805, 'Dante Vilog', 25),
(806, 'Roque Hernaez', 25),
(807, 'Antonio Real', 25),
(808, 'Roque Hernaez', 25),
(809, 'Antonio Real', 25),
(810, 'Adel Hafalla', 25),
(811, 'Nesteo Haduc', 25),
(812, 'Antonio Real', 25),
(813, 'Nelson Raguindin', 25),
(814, 'Elena Hezeta', 25),
(815, 'Helen Acosta', 25),
(816, 'Raquel Arellano', 25),
(817, 'Vincent Acosta', 25),
(818, 'Antonio Bernales', 25),
(819, 'Dominador Bustillos', 25),
(820, 'Marco Bustillos', 25),
(821, 'Rey Cortez', 25),
(822, 'Carlos Habon', 25),
(823, 'Leopoldo Habon', 25),
(824, 'Ernesto Cortez', 25),
(825, 'Rogelio Haban', 25),
(826, 'Daniel Cabanilla', 25),
(827, 'Rio Devies', 25),
(828, 'Benny Cortez', 25),
(829, 'Randy Domingo', 25),
(830, 'Romeo Fabro', 25),
(831, 'Romulo Dumaquion', 25),
(832, 'Samson Cortez', 25),
(833, 'Marcos Marquez', 25),
(834, 'Domingo Cortez', 25),
(835, 'Jaime Haduca', 25),
(836, 'Samson Cortez', 25),
(837, 'Rey Habon', 25),
(838, 'Lyn Galleta', 25),
(839, 'Flor Bang-asan', 25),
(840, 'Jeffrey Galla', 25),
(841, 'Reynante Ramos', 25),
(842, 'Steve Sudura', 25),
(843, 'Leonardo Habon', 25),
(844, 'Eddie Javier', 25),
(845, 'Teofilo Hachiles', 25),
(846, 'Rufino Alcantara', 25),
(847, 'Cesar Fabro', 25),
(848, 'Rogelio Fabro', 25),
(849, 'Teofilo Hachilis', 25),
(850, 'Pablo Hermosura', 25),
(851, 'Elibert Alay-ay', 25),
(852, 'Constancio Alay-ay', 25),
(853, 'Joseph Cuenta', 25),
(854, 'Henry Pimentel', 25),
(855, 'Oscar Lucena', 25),
(856, 'Liberato Alay -ay', 25),
(857, 'Rodolfo Rabago', 25),
(858, 'Ramil Alay-ay', 25),
(859, 'Elpidio Angala', 25),
(860, 'Manuel Angala', 25),
(861, 'Crispin Angala', 25),
(862, 'Emilio Acosta', 25),
(863, 'Eduardo Barit', 25),
(864, 'Isidro Lucena', 25),
(865, 'Diego Hafalla', 25),
(866, 'Mariano Gumalo', 25),
(867, 'Orlando Herana', 25),
(868, 'Romulo Vilog', 25),
(869, 'Catalino Vilog', 25),
(870, 'Rogelio Halos', 25),
(871, 'Rene Halos', 25),
(872, 'Dominador Habos', 25),
(873, 'Jerry Halos', 25),
(874, 'Conrada Halos', 25),
(875, 'Pedro Mangornong', 25),
(876, 'Benjamin Halos', 25),
(877, 'Joey Augustin', 25),
(878, 'Renato Halos', 25),
(879, 'Alex Ancheta', 25),
(880, 'Dominador Mangornong', 25),
(881, 'Jerry Agustin', 25),
(882, 'Higino Toquero', 25),
(883, 'Purificacion Ruiz', 25),
(884, 'Arsenio Vilog', 25),
(885, 'Teofilo Vilog', 25),
(886, 'Higino Toquero', 25),
(887, 'Jay-r Habab', 25),
(888, 'Wilson Galvez', 25),
(889, 'June Sabado', 25),
(890, 'Rosendo Mangornong', 25),
(891, 'Henry Altura', 25),
(892, 'Resendo Mangornong', 25),
(893, 'Mila Altura', 25),
(894, 'Adolfo Quila', 25),
(895, 'Boyet Avilla', 25),
(896, 'Rodolfo Hernandez', 25),
(897, 'Pedro Mangornong', 25),
(898, 'Norman Pascual', 26),
(899, 'Lyod Velasco', 26),
(900, 'Norma Coloma', 26),
(901, 'Agnes Amuyen', 26),
(902, 'Amyflor Carpio', 26),
(903, 'Bernardo Carpio', 26),
(904, 'Bong Macusi', 26),
(905, 'Daisy Salcedo', 26),
(906, 'Erma Libao', 26),
(907, 'Evangelina Mostoles', 26),
(908, 'Joseph Amoyen', 26),
(909, 'Joseph Saldimo', 26),
(910, 'Leonardo Carpio', 26),
(911, 'Marlon Pa-ay', 26),
(912, 'Nelson Mateo', 26),
(913, 'Nestor Areola', 26),
(914, 'Patrocinio Manzano', 26),
(915, 'Patsy Lopez', 26),
(916, 'Percy Mostoles', 26),
(917, 'Ralph Gaoaen', 26),
(918, 'Raymond Mangay-ayam', 26),
(919, 'Resty Pungtilan', 26),
(920, 'Rodolfo Macanas', 26),
(921, 'Rogelio Pang-ot', 26),
(922, 'Rowel Ringor', 26),
(923, 'Roger Fajardo.', 26),
(924, 'Alex Cardenas', 26),
(925, 'Pablito Lazaga', 27),
(926, 'Amado Laranang', 27),
(927, 'Angel Quilop', 27),
(928, 'Ariel Domingo', 27),
(929, 'Bobot Somera', 27),
(930, 'Dominador Gao-ay, Jr.', 27),
(931, 'Eddie Dig-aoan', 27),
(932, 'Eddie Gabaldon', 27),
(933, 'Generoso Siding', 27),
(934, 'Glenn Lazo', 27),
(935, 'Jaime Gabaldon', 27),
(936, 'Joel Bautista', 27),
(937, 'Johnny Somera', 27),
(938, 'Juanito Galduen', 27),
(939, 'Jun Gabaldon', 27),
(940, 'Larry Bistoyong', 27),
(941, 'Marjoel Somera', 27),
(942, 'Maximino Gabaldon', 27),
(943, 'Myrna Laranang', 27),
(944, 'Raymundo Biteg', 27),
(945, 'Rogelio Bistoyong', 27),
(946, 'Rolando Bistoyong', 27),
(947, 'Ronald Dominno', 27),
(948, 'Lina Baglao', 27),
(949, 'Jeomy Macusi', 27),
(950, 'Louie Valdez', 27),
(951, 'Ador Sangbaan', 27),
(952, 'Arjay Fabro', 27),
(953, 'Carlos Pagpiilan, Jr.', 27),
(954, 'Dionisio Lauyan', 27),
(955, 'Edna Laerin', 27),
(956, 'Edward Subagan', 27),
(957, 'Gonzalo Ligados', 27),
(958, 'Jocelyn Lutchina', 27),
(959, 'Justin Cortina', 27),
(960, 'Mario Dingayan', 27),
(961, 'Marissa Lauyan', 27),
(962, 'Marlon Macusi', 27),
(963, 'Melba Macusi', 27),
(964, 'Merlo Lauyan', 27),
(965, 'Michael Japon', 27),
(966, 'Nisson Arsenas', 27),
(967, 'Precy Lutchina', 27),
(968, 'Ronald Luchina', 27),
(969, 'Troy Lauyan', 27),
(970, 'Vicente Dampili', 27),
(971, 'Janet Madayag', 27),
(972, 'Brent Mapiguey', 27),
(973, 'Dominga Siploc', 27),
(974, 'Delia Yacapin', 27),
(975, 'Liza Cucuyau', 27),
(976, 'Florenda Tamakit', 27),
(977, 'Reynante Lag-asan', 27),
(978, 'Rolly Gatmaitan', 27),
(979, 'Sharnice Padiwen', 27),
(980, 'Aurelio Mostoles', 27),
(981, 'Chito Lapastora', 27),
(982, 'Christine Tinias', 27),
(983, 'Isabel Lazaga', 27),
(984, 'Jun Ocampo', 27),
(985, 'Martin Gamyao', 27),
(986, 'Renel Libad', 27),
(987, 'Chris Ordonio', 27),
(988, 'Adela Biado', 27),
(989, 'Adelina Bitibit', 27),
(990, 'Ador Daoa', 27),
(991, 'Albert Biado', 27),
(992, 'Alberto Padiwan', 27),
(993, 'Alexander Bistoyong', 27),
(994, 'Alfredo Almazan', 27),
(995, 'Allan Lubar', 27),
(996, 'Almario Dog-as', 27),
(997, 'Amor Somera', 27),
(998, 'Angelina Balaoen', 27),
(999, 'Aniceto Dug-as', 27),
(1000, 'Anthony Dejoras', 27),
(1001, 'Arceli Boec', 27),
(1002, 'Arden Abuyog', 27),
(1003, 'Ariel Oandasan', 27),
(1004, 'Armando Laranang', 27),
(1005, 'Arnel Aquino', 27),
(1006, 'Arnold Amos', 27),
(1007, 'Arnulfo Adayan', 27),
(1008, 'Arnulfo Aquilod', 27),
(1009, 'Arthur Caud', 27),
(1010, 'Arthuro Libertino', 27),
(1011, 'Arvin Abuyog', 27),
(1012, 'Basilio Big-asan', 27),
(1013, 'Basilio Labiano', 27),
(1014, 'Berting Padiwan', 27),
(1015, 'Betty Kiswa', 27),
(1016, 'Bill Novido', 27),
(1017, 'Billy Dakit', 27),
(1018, 'Billy Lauyan', 27),
(1019, 'Bobot Mostoles', 27),
(1020, 'Bong Belmonte', 27),
(1021, 'Brenda Corpuz', 27),
(1022, 'Buenaventura Lazaga', 27),
(1023, 'Cardo Domino', 27),
(1024, 'Carlos Lacbongan', 27),
(1025, 'Celio Labiano', 27),
(1026, 'Cerilo Alobas', 27),
(1027, 'Cesar Cungao', 27),
(1028, 'Cesar Daniel', 27),
(1029, 'Charito Orine', 27),
(1030, 'Chris Pascua', 27),
(1031, 'Clarence Adolfo', 27),
(1032, 'Consuelo Bautista', 27),
(1033, 'Cris Ordonio', 27),
(1034, 'Crisanto Eda', 27),
(1035, 'Cristina Vergara', 27),
(1036, 'Cynthia Wandas', 27),
(1037, 'Darwin Cadangan', 27),
(1038, 'Delia Big-asan', 27),
(1039, 'Dencio Daoa', 27),
(1040, 'Diano Galboy', 27),
(1041, 'Dione Labiano', 27),
(1042, 'Dionie Langbay', 27),
(1043, 'Don Tipalio', 27),
(1044, 'Edgar Ortiz', 27),
(1045, 'Eduardo Gabaldon', 27),
(1046, 'Efren Punzalan', 27),
(1047, 'Elaiza Bistoyong', 27),
(1048, 'Eleazer Ducala', 27),
(1049, 'Elsie Labiano', 27),
(1050, 'Ernesto Daoa', 27),
(1051, 'Ernesto Dapilan', 27),
(1052, 'Ernesto Galang', 27),
(1053, 'Erwin Dug-as', 27),
(1054, 'Erwin Gao-ay', 27),
(1055, 'Estrella Balawen', 27),
(1056, 'Eugene Saydowen', 27),
(1057, 'Evelyn Daniel', 27),
(1058, 'Felinor Sajonia', 27),
(1059, 'Felipe Dug-as', 27),
(1060, 'Felipe Mostoles', 27),
(1061, 'Felizardo Badongin', 27),
(1062, 'Fernando Lemi', 27),
(1063, 'Fernando Morales', 27),
(1064, 'Fred Gabaldon', 27),
(1065, 'Fred Mapigui', 27),
(1066, 'Freddie Tallawan', 27),
(1067, 'Freddie Yanggod', 27),
(1068, 'Gemma Cadangan', 27),
(1069, 'George Dao-il', 27),
(1070, 'George Lucero', 27),
(1071, 'George Padios', 27),
(1072, 'Gloria Mostoles', 27),
(1073, 'Harkee Gabaldon', 27),
(1074, 'Harold Bugtong', 27),
(1075, 'Hector Bagangao', 27),
(1076, 'Herns Lapastora', 27),
(1077, 'Ike Bautista', 27),
(1078, 'Israel Daoa', 27),
(1079, 'Issa Atonen', 27),
(1080, 'Jaime Dat-ay', 27),
(1081, 'Jaime Leal', 27),
(1082, 'Jay-ar Sangbaan', 27),
(1083, 'Jay-r Bugtong', 27),
(1084, 'Jay Pascual', 27),
(1085, 'Jaymar Cadangan', 27),
(1086, 'Jayson Bantanosa', 27),
(1087, 'Jc Doug-as', 27),
(1088, 'Jemar Padangan', 27),
(1089, 'Jeorge', 27),
(1090, 'Jeric Mapiguey', 27),
(1091, 'Jerome Aluad', 27),
(1092, 'Jessa Signaben', 27),
(1093, 'Jessie Ocampo', 27),
(1094, 'Jimmy Cadangan', 27),
(1095, 'Joe Mangamti', 27),
(1096, 'Joey Baguitan', 27),
(1097, 'John Sacla', 27),
(1098, 'Jose Bang-as', 27),
(1099, 'Joseph Pablito', 27),
(1100, 'Joseph Yanggod', 27),
(1101, 'Josephine Falla', 27),
(1102, 'Josie Amandre', 27),
(1103, 'Jovani Gonzales', 27),
(1104, 'Jovita Bugtong', 27),
(1105, 'Juanito Tanang', 27),
(1106, 'Julie Signaben', 27),
(1107, 'Julius Sacla', 27),
(1108, 'Jun Bina', 27),
(1109, 'Jun Cadallo', 27),
(1110, 'Lanie Asuit', 27),
(1111, 'Larry Castro', 27),
(1112, 'Leo Cuaresma', 27),
(1113, 'Leonardo Gaget', 27),
(1114, 'Leonardo Saydoquen', 27),
(1115, 'Leti Dug-as', 27),
(1116, 'Lilia Carbonel', 27),
(1117, 'Lope Valdez', 27),
(1118, 'Loreta Nuque', 27),
(1119, 'Lucrecio Mostoles', 27),
(1120, 'Ma. Fermina Balala', 27),
(1121, 'Macoy Pablo', 27),
(1122, 'Mando Collado', 27),
(1123, 'Manny Valdez', 27),
(1124, 'Marcial Big-asan', 27),
(1125, 'Marcos Sangla', 27),
(1126, 'Marcos Villanueva', 27),
(1127, 'Maria Domenden', 27),
(1128, 'Mariano Lazaga', 27),
(1129, 'Marilou Mangamti', 27),
(1130, 'Marina Domenden', 27),
(1131, 'Mario Baglao', 27),
(1132, 'Mario Biligan', 27),
(1133, 'Mario Subagan', 27),
(1134, 'Marites Doug-as', 27),
(1135, 'Mary Jane Salcedo', 27),
(1136, 'Max Cortez', 27),
(1137, 'Maya Orine', 27),
(1138, 'Mercedes Dadpa-as', 27),
(1139, 'Mercedes Visaya', 27),
(1140, 'Mercy Abuyog', 27),
(1141, 'Mirriam Mang-osan', 27),
(1142, 'Moises Ducala', 27),
(1143, 'Napoleon Tipallo', 27),
(1144, 'Nelly Walyan', 27),
(1145, 'Nelson Del Rosario', 27),
(1146, 'Nida Macalpok', 27),
(1147, 'Noe Baguitan', 27),
(1148, 'Noli Mostoles', 27),
(1149, 'Nora Dug-as', 27),
(1150, 'Pablito Avise', 27),
(1151, 'Pascual', 27),
(1152, 'Patricio Maala', 27),
(1153, 'Patricio Talicuad', 27),
(1154, 'Pepito Labiano', 27),
(1155, 'Pepito Miquey', 27),
(1156, 'Peter Baguitan', 27),
(1157, 'Philip Buyacao', 27),
(1158, 'Philip Prudencio', 27),
(1159, 'Pilong Ibay', 27),
(1160, 'Precy Biado', 27),
(1161, 'Prisila Gabaldon', 27),
(1162, 'Prudencio Dominno', 27),
(1163, 'R. Daniel', 27),
(1164, 'Rafael Abbil', 27),
(1165, 'Raffy Ambrocio', 27),
(1166, 'Randy Ganadin', 27),
(1167, 'Raymundo Abuyog', 27),
(1168, 'Rebecca Castro', 27),
(1169, 'Rebecca Ducala', 27),
(1170, 'Renato Mang-osan', 27),
(1171, 'Renz Amuyen', 27),
(1172, 'Richard Balawen', 27),
(1173, 'Richard Bugtong', 27),
(1174, 'Richard Garcia', 27),
(1175, 'Rizza Tacayan', 27),
(1176, 'Rodel Bistoyong', 27),
(1177, 'Rogelio Libertino', 27),
(1178, 'Roland Libertino', 27),
(1179, 'Romil Cortado', 27),
(1180, 'Rommel Cortado', 27),
(1181, 'Romulo Sangbaan', 27),
(1182, 'Ronald Saydowen', 27),
(1183, 'Ronnie Eusebio', 27),
(1184, 'Ronnie Pascual', 27),
(1185, 'Rosalinda Lag-asan', 27),
(1186, 'Rowel Mangamte', 27),
(1187, 'Roy Lapayan', 27),
(1188, 'Ryan Rongo', 27),
(1189, 'Sally Cadangan', 27),
(1190, 'Salvador Sangbaan', 27),
(1191, 'Samson Gaget', 27),
(1192, 'Samuel Dalaay', 27),
(1193, 'Sandra Aluad', 27),
(1194, 'Sevillo Lang-ay', 27),
(1195, 'Shirley Ballan', 27),
(1196, 'Silver Galboy', 27),
(1197, 'Sonny Hapulas', 27),
(1198, 'Susan Mostoles', 27),
(1199, 'Susie Ruiz', 27),
(1200, 'Terisita Dakit', 27),
(1201, 'Tony Tipallo', 27),
(1202, 'Violeta Padios', 27),
(1203, 'William Quiwalen', 27),
(1204, 'Willy Duminsil', 27),
(1205, 'Wilson Badungen', 27),
(1206, 'Wiltrop Bermor', 27),
(1207, 'Danny Villanueva', 27),
(1208, 'Dick Padiwan', 27),
(1209, 'Emy Dug-as', 27),
(1210, 'Fredierick', 27),
(1211, 'Jay-r Guzman', 27),
(1212, 'Jessie Dug-as', 27),
(1213, 'Judy Sacla', 27),
(1214, 'Juny Langbay', 27),
(1215, 'Nestor Galang', 27),
(1216, 'Rhea Sibayan', 27),
(1217, 'Rodel Cayetano', 27),
(1218, 'Rogelio Gapnatan', 27),
(1219, 'Ronnie Lutchina', 27),
(1220, 'Roy Gao-ay', 27),
(1221, 'Willy Almasa', 27),
(1222, 'Johnny Daw-ay', 27),
(1223, 'David Dal-uyen', 27),
(1224, 'Ernesto Pasia', 27),
(1225, 'Patricio Daniel', 27),
(1226, 'Fely Zaulda', 27),
(1227, 'Henry Tanglao', 27),
(1228, 'Romelia Daniel', 27),
(1229, 'Will Bermon', 27),
(1230, 'Pilong Ibay', 27),
(1231, 'Danilo Macusi', 28),
(1232, 'Densio Macusi', 28),
(1233, 'Felicidad Macusi', 28),
(1234, 'Jane Laplana', 28),
(1235, 'Joseph Gavina', 28),
(1236, 'Lisa Macusi', 28),
(1237, 'Mauro Lebirtino', 28),
(1238, 'Melicio Gavina', 28),
(1239, 'Rem Lacanaria', 28),
(1240, 'Rick Ramos', 28),
(1241, 'Rommel Gavina', 28),
(1242, 'Ronio Macusi', 28),
(1243, 'Ronnie Macusi', 28),
(1244, 'Washington Lacanaria', 28),
(1245, 'Wilfredo Quitoriano', 28),
(1246, 'Mark Louie Nullar', 28),
(1247, 'Alma Andaya', 28),
(1248, 'Amado Letran', 28),
(1249, 'Analyn Limon', 28),
(1250, 'Angelino Somera', 28),
(1251, 'Annabelle Andaya', 28),
(1252, 'Antonio Andaya', 28),
(1253, 'Antonio Leal', 28),
(1254, 'Ariel Araquil', 28),
(1255, 'Armando Andaya', 28),
(1256, 'Armando Limon', 28),
(1257, 'Arthur Carlim', 28),
(1258, 'Arvin Andaya', 28),
(1259, 'Benildo Linde', 28),
(1260, 'Bernardo Agballog', 28),
(1261, 'Cervil Nobles', 28),
(1262, 'Clemente Andaya', 28),
(1263, 'Conrado Bautista', 28),
(1264, 'Crisanto Limon', 28),
(1265, 'Crisostomo Linde', 28),
(1266, 'Eddie Boy Lobendino', 28),
(1267, 'Edgar Lamorena', 28),
(1268, 'Eligio Andaya', 28),
(1269, 'Florentino Sanchez', 28),
(1270, 'Francis Lacondazo', 28),
(1271, 'Freddie Agballog', 28),
(1272, 'Gregorio Letran', 28),
(1273, 'Helen Leal', 28),
(1274, 'Imelda Leal', 28),
(1275, 'Ismael Vermudez', 28),
(1276, 'James Andaya', 28),
(1277, 'Jayson Herorita', 28),
(1278, 'Jeffrey Artajo', 28),
(1279, 'Johnson Lobendino', 28),
(1280, 'Jonathan Andaya', 28),
(1281, 'Jose Acosta Jr.', 28),
(1282, 'Julius Baguista', 28),
(1283, 'Lauro, Maynes', 28),
(1284, 'Leonora Bautista', 28),
(1285, 'Lolita Andaya', 28),
(1286, 'Lorna Cuebas', 28),
(1287, 'Manuel Leal', 28),
(1288, 'Margie Leal', 28),
(1289, 'Martin Santos', 28),
(1290, 'Marvin Letran', 28),
(1291, 'Melda Leal', 28),
(1292, 'Merly Andaya', 28),
(1293, 'Michael Acosta', 28),
(1294, 'Miles Leal', 28),
(1295, 'Nacy Lobendino', 28),
(1296, 'Nestor Lacondazo', 28),
(1297, 'Nestor Sanchez', 28),
(1298, 'Nixon Agballog', 28),
(1299, 'Paran Letran', 28),
(1300, 'Peter Acosta', 28),
(1301, 'Reily Bolloso', 28),
(1302, 'Rhoda Casta', 28),
(1303, 'Ricardo Limon', 28),
(1304, 'Ricky Andaya', 28),
(1305, 'Romeo Leal', 28),
(1306, 'Romy Lobendino', 28),
(1307, 'Rowel Limon', 28),
(1308, 'Rudy Leal', 28),
(1309, 'Sabina Andaya', 28),
(1310, 'Teresita Araquel', 28),
(1311, 'Wade Lobendino', 28),
(1312, 'Werner Lambinicio', 28),
(1313, 'Renato Lobendino', 28),
(1314, 'Cesar Lantano', 28),
(1315, 'Ruel Limon', 28),
(1316, 'Renato Bolloso', 28),
(1317, 'Adelino Nisperos', 28),
(1318, 'Augustin Almazan', 28),
(1319, 'Avelino Nisperos', 28),
(1320, 'Ericson Almazan', 28),
(1321, 'Marciano Lasquite', 28),
(1322, 'Remedios Balandang', 28),
(1323, 'Robin Pimienta', 28),
(1324, 'Romeo Almazan', 28),
(1325, 'Tirso Sagun', 28),
(1326, 'Sally Sagon', 28),
(1327, 'Adelina Leal', 28),
(1328, 'Elma Villarin', 28),
(1329, 'Jun Pamintuan', 28),
(1330, 'Matias Alamag', 28),
(1331, 'Renato Andaya', 28),
(1332, 'Wilmer Pagaduan', 28),
(1333, 'Arnel Espinosa', 28),
(1334, 'Arnold Lambinicio', 28),
(1335, 'Aurelio Lacasandile', 28),
(1336, 'Dominador Lambinicio', 28),
(1337, 'Edwin Lagarteja', 28),
(1338, 'Michael Fernandez', 28),
(1339, 'Rodrigo Ramirez', 28),
(1340, 'Romulo Pagaduan', 28),
(1341, 'Rudy Lacasandile', 28),
(1342, 'Valentin Lascota', 28),
(1343, 'Wilmer Lascota', 28),
(1344, 'Arnel Lacasandile', 28),
(1345, 'Cesar Montero', 28),
(1346, 'Henry Lorenzana', 28),
(1347, 'Nelson Lasquite', 28),
(1348, 'Alberto Medrano', 28),
(1349, 'Alex Lorenzana', 28),
(1350, 'Analyn Oriendo', 28),
(1351, 'Andres Renon', 28),
(1352, 'Bobby Manzano', 28),
(1353, 'Boy Labaniego', 28),
(1354, 'Bryan Ruiz', 28),
(1355, 'Cesar Apusen', 28),
(1356, 'Cynthia Madrid', 28),
(1357, 'Demetrio Lorenzana', 28),
(1358, 'Edwin Lapitan', 28),
(1359, 'Fred Lorenzana', 28),
(1360, 'Gener Licudine', 28),
(1361, 'Helen Manzano', 28),
(1362, 'Jessei Barantino', 28),
(1363, 'Jojo Ulpindo', 28),
(1364, 'Jona Valdez', 28),
(1365, 'Josie Dauz', 28),
(1366, 'Juancho Lorenzana', 28),
(1367, 'Juliana Manzano', 28),
(1368, 'Julius Licudine', 28),
(1369, 'Jun Fernandez', 28),
(1370, 'Jun Madrid', 28),
(1371, 'Kristine Licudine', 28),
(1372, 'Larry Larioza', 28),
(1373, 'Lito Garbo', 28),
(1374, 'Lito Lucero', 28),
(1375, 'Lydia Tacderas', 28),
(1376, 'Marilou Valdez', 28),
(1377, 'Meding Lorenzana', 28),
(1378, 'Mervin Valdez', 28),
(1379, 'Norma Valdez', 28),
(1380, 'Randy Licudine', 28),
(1381, 'Rey Jacalan', 28),
(1382, 'Richel Chua', 28),
(1383, 'Roger Licudine', 28),
(1384, 'Ruben Valdez', 28),
(1385, 'Ryan Ruiz', 28),
(1386, 'Stevan Lorenzana', 28),
(1387, 'Yolanda Licudine', 28),
(1388, 'Tina Agas', 28),
(1389, 'Avelina Dela Rosa', 28),
(1390, 'Danilo Gramaje', 28),
(1391, 'Ferdinand Peralta', 28),
(1392, 'Joseph Dumo', 28),
(1393, 'Manuel Lizardo', 28),
(1394, 'Nelson Agballog', 28),
(1395, 'Celso Lucero', 28),
(1396, 'Alex Bumadilla', 28),
(1397, 'Asterio Dela Paz', 28),
(1398, 'Crispina Lambinicio', 28),
(1399, 'Jonathan Barnachea', 28),
(1400, 'Jun Leal', 28),
(1401, 'Lito Dauz', 28),
(1402, 'Alfredo Jimeno', 28),
(1403, 'Armando Ladia', 28),
(1404, 'Arnel Lardizabal', 28),
(1405, 'Benny Dadpa-as', 28),
(1406, 'Boboy Ladia', 28),
(1407, 'Cesar Cuaresma', 28),
(1408, 'Danilo Jimeno', 28),
(1409, 'Darlito Gabaldon', 28),
(1410, 'David Acosta', 28),
(1411, 'Demetria Dauz', 28),
(1412, 'Denton Garcia', 28),
(1413, 'Dever Lazo', 28),
(1414, 'Dominador Dauz', 28),
(1415, 'Dominador Lazo', 28),
(1416, 'Edwin Acosta', 28),
(1417, 'Esmeralda Macasiray', 28),
(1418, 'Fatima Ruiz', 28),
(1419, 'Federico Lazo', 28),
(1420, 'Israel Mon', 28),
(1421, 'Jaime Ringor', 28),
(1422, 'Jake Areola', 28),
(1423, 'Juanito Ringor', 28),
(1424, 'Jun Labador', 28),
(1425, 'Loreto Dauz', 28),
(1426, 'Lorry Lorica', 28),
(1427, 'Manuel Latorre', 28),
(1428, 'Mark Anthony Latorre', 28),
(1429, 'Michael Lopez', 28),
(1430, 'Momoy Gabaldon', 28),
(1431, 'Nestor Calibuso', 28),
(1432, 'Norma Ingoy', 28),
(1433, 'Proning Ladia', 28),
(1434, 'Reynaldo Ladia', 28),
(1435, 'Rick Lorica', 28),
(1436, 'Rick Vedania', 28),
(1437, 'Rolly Ladia', 28),
(1438, 'Romando Oriendo', 28),
(1439, 'Villamor Jimeno', 28),
(1440, 'Wilbert Lorica', 28),
(1441, 'Abdul Velasco', 28),
(1442, 'Alfredo Lopez', 28),
(1443, 'Anita Saldua', 28),
(1444, 'Ariel Martinez', 28),
(1445, 'Cesar Pascua', 28),
(1446, 'Clarence Ingoy', 28),
(1447, 'Conrado Ulpindo', 28),
(1448, 'Constantino Pagaduan', 28),
(1449, 'Dante Lardizabal', 28),
(1450, 'Delia Lapastora', 28),
(1451, 'Donald Jimeno', 28),
(1452, 'Edgar Jimeno', 28),
(1453, 'Edgar Ramirez', 28),
(1454, 'Efren Ulpindo', 28),
(1455, 'Eunice Caluza', 28),
(1456, 'Glownar Dela Cuadra', 28),
(1457, 'Henry Corbillon', 28),
(1458, 'Ilpason Corbillon', 28),
(1459, 'Jaime Castro', 28),
(1460, 'Jaime Ingoy', 28),
(1461, 'Jaime Santos', 28),
(1462, 'James Andres', 28),
(1463, 'Jonathan Lamarca', 28),
(1464, 'Jun Lardizabal', 28),
(1465, 'Kevin Millo', 28),
(1466, 'Leticia Castro', 28),
(1467, 'Lolita Borgonio', 28),
(1468, 'Lourdes Lardizabal', 28),
(1469, 'Mario Aglosolos', 28),
(1470, 'Millano Andaya', 28),
(1471, 'Myrna Ingoy', 28),
(1472, 'Pablo Lardizabal', 28),
(1473, 'Rogelio Santos', 28),
(1474, 'Rolando Ingoy', 28),
(1475, 'Romeo Castro', 28),
(1476, 'Romeo Ingoy', 28),
(1477, 'Romeo Pascua', 28),
(1478, 'Rosita Corpuz', 28),
(1479, 'Roy Lardizabal', 28),
(1480, 'Sonny Corpuz', 28),
(1481, 'Emiliano Andaya Jr.', 28),
(1482, 'Lilia Luete', 28),
(1483, 'Willy Castillo', 28),
(1484, 'Antonio Tagalicud', 28),
(1485, 'Roland Casi', 28),
(1486, 'William Andaya', 28),
(1487, 'Florizal Lazaga', 28),
(1488, 'Jerry Cabrales', 28),
(1489, 'Joel Leal', 28),
(1490, 'Gladys Fajardo', 28),
(1491, 'Along Garcia', 28),
(1492, 'Arsenia Ulpindo', 28),
(1493, 'Avelino Bunoan', 28),
(1494, 'Danilo Garcia', 28),
(1495, 'Elena Cariaga', 28),
(1496, 'Jun Fajardo', 28),
(1497, 'Lando Garcia', 28),
(1498, 'Patricio Barroga', 28),
(1499, 'Rey Galang', 28),
(1500, 'Roger Fajardo', 28),
(1501, 'Elmo Fajardo', 28),
(1502, 'Reynaldo Galang', 28),
(1503, 'Antonio Leal', 28),
(1504, 'Bruno Garlejo', 28),
(1505, 'Cesar Leal', 28),
(1506, 'Lailanie Garlejo', 28),
(1507, 'Liza Leal', 28),
(1508, 'Mario Mantilla', 28),
(1509, 'Marvin Lutrania', 28),
(1510, 'Arnel Molina', 28),
(1511, 'Carmen Laranang', 28),
(1512, 'Fe Vedania', 28),
(1513, 'Ma. Theresa Cuaresma', 28),
(1514, 'Maylene Lazo', 28),
(1515, 'Milo Cuaresma', 28),
(1516, 'Nelia Laberinto', 28),
(1517, 'Norman Israel', 28),
(1518, 'Renato Mique', 28),
(1519, 'Roberto Ringor', 28),
(1520, 'Wilfredo Ringor', 28),
(1521, 'Diosdado Lasquite', 28),
(1522, 'Benjamin Lorenzana', 28),
(1523, 'Federico Awit', 28),
(1524, 'Imelda Agballog', 28),
(1525, 'Jerry Larioza', 28),
(1526, 'Joe Dumo', 28),
(1527, 'Jun Elifanio', 28),
(1528, 'Moises Occasion', 28),
(1529, 'Moises Topacio', 28),
(1530, 'Orlan Asuero', 28),
(1531, 'Pablo Sibal', 28),
(1532, 'Primo Macario', 28),
(1533, 'Raymundo Bayuga', 28),
(1534, 'Marlene Somera', 28),
(1535, 'Andrew Pagsolingan', 28),
(1536, 'Arnold Pagsolingan', 28),
(1537, 'Francisco Licudine', 28),
(1538, 'Irene Lagrana', 28),
(1539, 'Jessie Castillo', 28),
(1540, 'Julie Larioza', 28),
(1541, 'Ma. Rosario B. Maceren', 28),
(1542, 'Mario Fangon', 28),
(1543, 'Marvin Licudine', 28),
(1544, 'Melchor Villa Gomez', 28),
(1545, 'Nelia Castro', 28),
(1546, 'Pedro Sarmiento', 28),
(1547, 'Rogelio Puzon', 28),
(1548, 'Shirley Lubina', 28),
(1549, 'Tristan Andaya', 28),
(1550, 'Benny Javillonar', 28),
(1551, 'Florante De Guzman', 28),
(1552, 'Guillermo Legaspina', 28),
(1553, 'Raymundo Bayuga', 28),
(1554, 'Rodrigo Habab', 28),
(1555, 'Alberto Ringor', 28),
(1556, 'Allan Jomoc', 28),
(1557, 'Amy Lacaden', 28),
(1558, 'Antonio Fernandez', 28),
(1559, 'Arnel Custodio', 28),
(1560, 'Avelino Ballocanag', 28),
(1561, 'Constantino Ringor', 28),
(1562, 'Corazon Lagrana', 28),
(1563, 'Danilo Andaya', 28),
(1564, 'Delmar Andaya', 28),
(1565, 'Eduardo Somera', 28),
(1566, 'Erik Bayuga', 28),
(1567, 'Helen Lapitan', 28),
(1568, 'Henry Leonen', 28),
(1569, 'Hilario Gadia', 28),
(1570, 'Hilario Lascota', 28),
(1571, 'Joseph Lardizabal', 28),
(1572, 'Larry Villanueva', 28),
(1573, 'Marites Andaya', 28),
(1574, 'Princess Leonen', 28),
(1575, 'Remedios Pagaduan', 28),
(1576, 'Rudy Lascota', 28),
(1577, 'Saturnino Lapitan', 28),
(1578, 'Vilma Salgado', 28),
(1579, 'Butch Garcia', 28),
(1580, 'Princess Lucero', 28),
(1581, 'Agnes Laurio', 28),
(1582, 'Alfredo Lemi', 28),
(1583, 'Anastacio Hernando', 28),
(1584, 'Arnold Nitura', 28),
(1585, 'Benito Hernando', 28),
(1586, 'Dante Hernando', 28),
(1587, 'David Tabasin', 28),
(1588, 'Joven Ladia', 28),
(1589, 'Pedro Lapitan', 28),
(1590, 'Ricardo Ladia, Jr.', 28),
(1591, 'Rodolfo Lanuza', 28),
(1592, 'Rogelio Lazo', 28),
(1593, 'Rudy Lanuza', 28),
(1594, 'Wilson Leal', 28),
(1595, 'Webb Linda', 28),
(1596, 'Ferdinand Ramos', 28),
(1597, 'Rosita Pascua', 28),
(1598, 'Antonio Villanueva', 28),
(1599, 'Arthur Lascota', 28),
(1600, 'Dominador Leal, Jr.', 28),
(1601, 'Elpidio Laza', 28),
(1602, 'Emiliano Fajardo', 28),
(1603, 'Emiliano Leal', 28),
(1604, 'Ferdinand Lascota', 28),
(1605, 'Jayson Somera', 28),
(1606, 'Jose Somera', 28),
(1607, 'Julius Somera', 28),
(1608, 'Melchora Larioza', 28),
(1609, 'Naldo Lascota', 28),
(1610, 'Pedring Lascota', 28),
(1611, 'Peter Somera', 28),
(1612, 'Rudy Quines', 28),
(1613, 'Zenaida Fajardo', 28),
(1614, 'Jose Lascota', 28),
(1615, 'Abraham Lacasandile', 28),
(1616, 'Alejandre Lacasandile', 28),
(1617, 'Augustine Larioza', 28),
(1618, 'Elisio Lacasandile', 28),
(1619, 'Joseph Lamorena', 28),
(1620, 'Randy Penayra', 28),
(1621, 'Ricardo Lacasandile', 28),
(1622, 'Amor Lagrana', 28),
(1623, 'Joel Gascon', 28),
(1624, 'Martin Lapitan', 28),
(1625, 'Novy Lapitan', 28),
(1626, 'Rey Thomas', 28),
(1627, 'Robin Wadawad', 28),
(1628, 'Rodolfo Villanueva', 28),
(1629, 'Simplicio Aguilan', 28),
(1630, 'Myrna Estabillo', 28),
(1631, 'Amante Vergara', 28),
(1632, 'Antonio Cuaresma', 28),
(1633, 'Bernardo Galvez', 28),
(1634, 'Catherine Laiza', 28),
(1635, 'Cristina Lazaga', 28),
(1636, 'Damaso Acosta', 28),
(1637, 'Eduardo Somera', 28),
(1638, 'Edwin Cuaresma', 28),
(1639, 'Efren Acosta', 28),
(1640, 'Feliciano Ramirez', 28),
(1641, 'Feliza Corales', 28),
(1642, 'Fernando Cuaresma', 28),
(1643, 'Fernando Vergara', 28),
(1644, 'Leo Hernando', 28),
(1645, 'Linda Lazo', 28),
(1646, 'Ludring Cuaresma', 28),
(1647, 'Luis Gonzales', 28),
(1648, 'Mario Collado', 28),
(1649, 'Randy Lazaga', 28),
(1650, 'Reynaldo Lazo', 28),
(1651, 'Samuel Laysa', 28),
(1652, 'Danilo Reyes', 28),
(1653, 'Agavino Dela Cruz', 28),
(1654, 'Richard Delim', 28),
(1655, 'Tony Decano', 28),
(1656, 'Alejandro Lemi', 28),
(1657, 'Aurelio Garcillano', 28),
(1658, 'Boyet Bantas', 28),
(1659, 'Dolores Vibar', 28),
(1660, 'Dominador Latorre', 28),
(1661, 'Gary Lemi', 28),
(1662, 'Jeremias Lemi', 28),
(1663, 'Jonathan Vibar', 28),
(1664, 'Loreto Wandas', 28),
(1665, 'Mario Garcillano', 28),
(1666, 'Salvador Lata', 28),
(1667, 'Wilfredo Lazo', 28),
(1668, 'Alfredo Lape', 28),
(1669, 'Cris Las Marias', 28),
(1670, 'Darwin Rosete', 28),
(1671, 'Erik Orodio', 28),
(1672, 'Fe Andaya', 28),
(1673, 'Noel Lorente', 28),
(1674, 'Rustom Lamadrid', 28),
(1675, 'Sol Sosmena', 28),
(1676, 'Rey Fajardo', 28),
(1677, 'Alex Fajardo', 28),
(1678, 'Jenny Larioza', 28),
(1679, 'Renato De Guzman', 28),
(1680, 'Rey Carbonell', 28),
(1681, 'Reynaldo Lascota', 28),
(1682, 'Roman Lambinicio', 28),
(1683, 'Macario Lagrana', 28),
(1684, 'Cesar Lorzano', 28),
(1685, 'Alejandrino Leal', 28),
(1686, 'Alfredo Agballog', 28),
(1687, 'Amado Lorzano', 28),
(1688, 'Boyet Leal', 28),
(1689, 'Cris Barnachea', 28),
(1690, 'Dominga Fabro', 28),
(1691, 'Edgar Lardizabal', 28),
(1692, 'Eduardo Leal', 28),
(1693, 'Felomina Lorzano', 28),
(1694, 'Felomino Labaine', 28),
(1695, 'Henorando Lorzano', 28),
(1696, 'Ignacio Agballog', 28),
(1697, 'Jeffrey Nicolas', 28),
(1698, 'Maricris Bulilad', 28),
(1699, 'Melvin Ramos', 28),
(1700, 'Michael Barnachea', 28),
(1701, 'Peter Legaspina', 28),
(1702, 'Saturnino Lorzano', 28),
(1703, 'Victor Leal', 28),
(1704, 'Eddie Leal', 28),
(1705, 'Maria Morla', 28),
(1706, 'Danny Macabitas', 28),
(1707, 'Dominador Larioza', 28),
(1708, 'Edwin Aguilar', 28),
(1709, 'Estaquio Macabitas', 28),
(1710, 'Estella Lanuza', 28),
(1711, 'Francislarioza', 28),
(1712, 'Isagani Natividad', 28),
(1713, 'Jerry Lanuza', 28),
(1714, 'Joseph Larioza', 28),
(1715, 'Milo Pagaduan', 28),
(1716, 'Ramonito Azares', 28),
(1717, 'Raymundo Bayuga', 28),
(1718, 'Rodolfo ""ruding"" Larioza', 28),
(1719, 'Roger Natividad', 28),
(1720, 'Albert De Fiesta', 28),
(1721, 'Edwin Natividad', 28),
(1722, 'Henry Lanuza', 28),
(1723, 'Jun Leti', 28),
(1724, 'Leti Lugmao', 28),
(1725, 'Manuel Aguilan', 28),
(1726, 'Melicio Aguilan', 28),
(1727, 'Renato Acosta', 28),
(1728, 'Rosalina Murao', 28),
(1729, 'Jun Mon', 28),
(1730, 'John Nirosa', 28),
(1731, 'Raymund Valdez', 28),
(1732, 'Victor Lagrana', 28),
(1733, 'Narding Andaya', 28),
(1734, 'Renato Lamorena', 28),
(1735, 'Abby Lascota', 28),
(1736, 'Aiza Lazaga', 28),
(1737, 'Albert Barnachea', 28),
(1738, 'Aldwin Lazaga', 28),
(1739, 'Alex Barnachea', 28),
(1740, 'Allan Lanuza', 28),
(1741, 'Arnold Barnachea', 28),
(1742, 'Arnold Camero', 28),
(1743, 'Arsenio Lanuza', 28),
(1744, 'Bonny Lacasandile', 28),
(1745, 'Eddie Morena', 28),
(1746, 'Francis Lamarca', 28),
(1747, 'Francisco Manzano', 28),
(1748, 'Fred Leal', 28),
(1749, 'Hilario Leal', 28),
(1750, 'Jeon Manzano', 28),
(1751, 'Leonardo Andaya', 28),
(1752, 'Loreto Manzano', 28),
(1753, 'Maria Jamandre', 28),
(1754, 'Nelvin Lata', 28),
(1755, 'Mercy Tinaza', 28),
(1756, 'Narding Manzano', 28),
(1757, 'Orlando Lagudino', 28),
(1758, 'Pedro Barnachea', 28),
(1759, 'Quintuin Enriquez', 28),
(1760, 'Rodolfo Manzano', 28),
(1761, 'Roldan Andaya', 28),
(1762, 'Romeo Leal', 28),
(1763, 'Rommel Barnachea', 28),
(1764, 'Romy Jamandre', 28),
(1765, 'Romy Manzano', 28),
(1766, 'Sergio Barnachea', 28),
(1767, 'Vergel Lascota', 28),
(1768, 'Celine De Jesus', 28),
(1769, 'Edwin Carilla', 28),
(1770, 'Richard Mulato', 28),
(1771, 'Ricky Casem', 28),
(1772, 'Henry Lorenzana', 28),
(1773, 'Joey Lorenzana', 28),
(1774, 'Melchor Ramirez', 28),
(1775, 'Amor Somera', 28),
(1776, 'Asuncion Galano', 28),
(1777, 'Eddie Lacasandile', 28),
(1778, 'Jun Galano', 28),
(1779, 'Albert Panganiban', 28),
(1780, 'Beatriz Laberinto', 28),
(1781, 'Bryan Lubina', 28),
(1782, 'Crispina Lardizabal', 28),
(1783, 'Eddie Loquing', 28),
(1784, 'Francis Ringor', 28),
(1785, 'Gemma Lardizabal', 28),
(1786, 'Helen Laberinto', 28),
(1787, 'Isagani Labara', 28),
(1788, 'Jose Ringor', 28),
(1789, 'Lolita Barnachea', 28),
(1790, 'Pedro Lagrana', 28),
(1791, 'Pinang Lardizabal', 28),
(1792, 'Rey Somera', 28),
(1793, 'Rolly Lopez', 28),
(1794, 'Rudy Jaravata', 28),
(1795, 'Audieclient Villanueva', 28),
(1796, 'Christian Molano', 28),
(1797, 'Elly Gonzales', 28),
(1798, 'Fernando Borje', 28),
(1799, 'Florante Calibuso', 28),
(1800, 'Jess De Leon', 28),
(1801, 'Ramil Mon', 28),
(1802, 'Rey Silayan', 28),
(1803, 'Rogelio Lorenzana', 28),
(1804, 'Rommel Lapitan', 28),
(1805, 'Ronilo Pascual', 28),
(1806, 'Roy Domingo', 28),
(1807, 'Samuel Pagsolingan', 28),
(1808, 'Amor Lapastora', 28),
(1809, 'Armando Layza', 28),
(1810, 'Carlito Lucero', 28),
(1811, 'Clifford Claudia', 28),
(1812, 'Fabro Lardizabal Jr.', 28),
(1813, 'Florendo Libertino', 28),
(1814, 'Lito Gabina', 28),
(1815, 'Rosita Mina', 28),
(1816, 'Teofilo Jaravata', 28),
(1817, 'Tony Ringor', 28),
(1818, 'Tranquilino Limon', 28),
(1819, 'Antonio Lacasandile', 28),
(1820, 'Arman Manzano', 28),
(1821, 'Crisanto Lacasandile', 28),
(1822, 'Esper Labiano', 28),
(1823, 'Gemma Lacasandile', 28),
(1824, 'Glen Lorica', 28),
(1825, 'Henry Lacasandile', 28),
(1826, 'Jaime Legaspina', 28),
(1827, 'Jessie Laberinto', 28),
(1828, 'Jose Legaspina', 28),
(1829, 'Jun-jun Esguerra', 28),
(1830, 'Leopoldo Legaspina', 28),
(1831, 'Richard Legaspi', 28),
(1832, 'Willy Manzano', 28),
(1833, 'Rodel Aguilar', 28),
(1834, 'Tony Lacasandile', 28),
(1835, 'Jodie Tayupon', 28);
INSERT INTO `farmer` (`id`, `name`, `locationId`) VALUES
(1836, 'Bernardo Calibuso', 28),
(1837, 'Carlito Corpuz', 28),
(1838, 'Eduardo Calibuso', 28),
(1839, 'Julius Acosta', 28),
(1840, 'Oscar Lapitan', 28),
(1841, 'Elmer Arellano', 28),
(1842, 'Erik Aglosolos', 28),
(1843, 'Don Don Sawit', 28),
(1844, 'Fracisco Hader', 29),
(1845, 'Antonio Hallascon', 29),
(1846, 'Emilda Fontanilla', 29),
(1847, 'Romeo Habab', 29),
(1848, 'Cesar Habab', 29),
(1849, 'Amando Halaman', 29),
(1850, 'Mario Pablico', 29),
(1851, 'Rick Angala', 29),
(1852, 'Feliciano Hafalla', 29),
(1853, 'Chris Angala', 29),
(1854, 'Catalino Halos', 29),
(1855, 'Catalino Vilog', 29),
(1856, 'Jerry Hortizuela', 29),
(1857, 'Pedro Mangurnong', 29),
(1858, 'Danny Tamayo', 30),
(1859, 'Lito Tamayo', 30),
(1860, 'Renato Ninalga', 30),
(1861, 'Renato Ninalga', 30),
(1862, 'Magdalena Ballesteros', 30),
(1863, 'Grace Mercado', 30),
(1864, 'Loreto Deocares', 30),
(1865, 'Junior Lagleva', 30),
(1866, 'Fernando Mabalot', 30),
(1867, 'Clarito De Guzman', 30),
(1868, 'April Abando', 30),
(1869, 'Myrian Abando', 30),
(1870, 'Judy Abando', 30),
(1871, 'Rowell Abando', 30),
(1872, 'Elvira Dacanay', 30),
(1873, 'Vilma Dacanay', 30),
(1874, 'Macky Dacanay', 30),
(1875, 'Julio Belmes', 30),
(1876, 'Macky Dacanay', 30),
(1877, 'Abat Romulo', 31),
(1878, 'Abaya Ariel', 31),
(1879, 'Acosta Danilo', 31),
(1880, 'Agodong Julie', 31),
(1881, 'Alcantara Adelina', 31),
(1882, 'Alcantara Francisco', 31),
(1883, 'Almirol Alfredo', 31),
(1884, 'Almoite Gloria', 31),
(1885, 'Almoite Nora', 31),
(1886, 'Arellano Amado', 31),
(1887, 'Arellano Bernardo', 31),
(1888, 'Arellano Daniel', 31),
(1889, 'Areola Irene', 31),
(1890, 'Ariola Bernard', 31),
(1891, 'Balagot Rommel', 31),
(1892, 'Balin Freddie', 31),
(1893, 'Balla Jomar', 31),
(1894, 'Balmeo Elpidio', 31),
(1895, 'Bayani Carmin', 31),
(1896, 'Bergonia Jovit', 31),
(1897, 'Bermodes Estany', 31),
(1898, 'Bitalag Alex', 31),
(1899, 'Bravo Consolacion', 31),
(1900, 'Bravo Encarnasion', 31),
(1901, 'Bravo Rey', 31),
(1902, 'Bucaoto Melanio', 31),
(1903, 'Buccat Arsenion', 31),
(1904, 'Buccat Gregorio', 31),
(1905, 'Buccat Melbar', 31),
(1906, 'Bucsit Eileen', 31),
(1907, 'Bucsit Pedro', 31),
(1908, 'Buen Jonie', 31),
(1909, 'Bumatay Edwin', 31),
(1910, 'Bumatay Efren', 31),
(1911, 'Bumatay Ernesto', 31),
(1912, 'Bumatay Jean', 31),
(1913, 'Cabanas Cesar', 31),
(1914, 'Caoile Gina', 31),
(1915, 'Carbajusa Nievres', 31),
(1916, 'Cargaminto Fedencio', 31),
(1917, 'Cari Allan', 31),
(1918, 'Cariaso Noel', 31),
(1919, 'Carig Rodel', 31),
(1920, 'Castillo Maxi', 31),
(1921, 'Condi Roel', 31),
(1922, 'Corpuz Cresensio', 31),
(1923, 'Corpuz Elizabeth', 31),
(1924, 'Corpuz Ricardo', 31),
(1925, 'Corpuz Winsley John', 31),
(1926, 'Dacanay Gemma', 31),
(1927, 'Dacanay Joselito', 31),
(1928, 'Dacayanan Gerry', 31),
(1929, 'Dacumos Jayson', 31),
(1930, 'Dacumos Junjun', 31),
(1931, 'Damandaman Irene', 31),
(1932, 'Dela Cruz Pal', 31),
(1933, 'Dela Cruz Ricardo', 31),
(1934, 'Delmindo Agnes', 31),
(1935, 'Delmindo Leonida', 31),
(1936, 'Delmindo Teofilo', 31),
(1937, 'Delostrinos Coilo', 31),
(1938, 'Dmmmsu', 31),
(1939, 'Docusin Alfredo', 31),
(1940, 'Docusin Ricardo', 31),
(1941, 'Dulay Lolita', 31),
(1942, 'Dulay Paul', 31),
(1943, 'Fontanilla Joey', 31),
(1944, 'Gadoy Jimmy', 31),
(1945, 'Gamboa Darios', 31),
(1946, 'Ganayo Teresita', 31),
(1947, 'Gilongos Norma', 31),
(1948, 'Gonzales Jun', 31),
(1949, 'Gonzales Noel', 31),
(1950, 'Gonzales Rosemarie', 31),
(1951, 'Gonzales Victor', 31),
(1952, 'Imperial Jhonny', 31),
(1953, 'J4em''s Agri Supply', 31),
(1954, 'Jalop Emmanuel', 31),
(1955, 'Junior', 31),
(1956, 'Larcida Luzviminda', 31),
(1957, 'Lavapie Rachel', 31),
(1958, 'Lecay Eufemio', 31),
(1959, 'Ledda Philip', 31),
(1960, 'Libado Jayson', 31),
(1961, 'Libado Lito', 31),
(1962, 'Libong Doming', 31),
(1963, 'Licidine Nolie', 31),
(1964, 'Licos Abelina', 31),
(1965, 'Licos Diosdado', 31),
(1966, 'Licos Eligio', 31),
(1967, 'Licos Freddie', 31),
(1968, 'Licos Jimmy', 31),
(1969, 'Licudine Lodovico', 31),
(1970, 'Licudine Narciso', 31),
(1971, 'Licudine Thelma', 31),
(1972, 'Licudine Wilfredo', 31),
(1973, 'Lopez Jun', 31),
(1974, 'Lopez Romel', 31),
(1975, 'Lubrica Marilyn', 31),
(1976, 'Lugro Gloria', 31),
(1977, 'Lumandas Ricardo', 31),
(1978, 'Manang Janna', 31),
(1979, 'Marzo Roland Ian', 31),
(1980, 'Melhina Rono', 31),
(1981, 'Menguita Nestor', 31),
(1982, 'Mico Ben', 31),
(1983, 'Mones Henry', 31),
(1984, 'Obaldo Nestor', 31),
(1985, 'Obana Joel', 31),
(1986, 'Obillo Reynaldo', 31),
(1987, 'Obra Philip', 31),
(1988, 'Ordonez Letecia', 31),
(1989, 'Oregenes Zenaida', 31),
(1990, 'Orlanda Gavino', 31),
(1991, 'Orpano Arnel', 31),
(1992, 'Padua Rogel', 31),
(1993, 'Parong Frederick', 31),
(1994, 'Partible Marcelo', 31),
(1995, 'Quisay Winnie', 31),
(1996, 'Ragma Romulo', 31),
(1997, 'Ragpala Willy', 31),
(1998, 'Ramos Herminigildo', 31),
(1999, 'Ridonga Merlita', 31),
(2000, 'Romero Regino', 31),
(2001, 'Romero Rogelio', 31),
(2002, 'Ropmero Juan', 31),
(2003, 'Santiago Alma', 31),
(2004, 'Santiago Apolo', 31),
(2005, 'Santiago Cesar', 31),
(2006, 'Santiago Kevin', 31),
(2007, 'Sarmiento Rodrigo', 31),
(2008, 'Sayson Joseph', 31),
(2009, 'Sibayan Michael', 31),
(2010, 'Sobrepena Lolita', 31),
(2011, 'Subang Farm Supply', 31),
(2012, 'Tobias Gloria', 31),
(2013, 'Tucaqui Flora', 31),
(2014, 'Valmores Roy', 31),
(2015, 'Vergara Ronnie', 31),
(2016, 'Joel Cadiente', 31),
(2017, 'Samuel Pascua', 31),
(2018, 'Pepe Obar', 32),
(2019, 'Arnel Jraycochea', 32),
(2020, 'Avelino Estrada', 32),
(2021, 'Edgar Laus', 32),
(2022, 'Elmer Angelo', 32),
(2023, 'Florante Sibayan', 32),
(2024, 'Gilbert Ordinario', 32),
(2025, 'Marfilo Desisto', 32),
(2026, 'Robert Opinaldo', 32),
(2027, 'Rolando Directo', 32),
(2028, 'Romeo Osias', 32),
(2029, 'Roy Viloria', 32),
(2030, 'Francisco Orden', 32),
(2031, 'Regino Abad', 32),
(2032, 'Jun Obar', 32),
(2033, 'Maricel Manangan', 32),
(2034, 'Natura Flora', 32),
(2035, 'Ordono Louie', 32),
(2036, 'Orpia Eugene', 32),
(2037, 'Pablo Lito', 32),
(2038, 'Peralta Mark', 32),
(2039, 'Ramirez Agnes', 32),
(2040, 'Supsup Rene', 32),
(2041, 'Viloria Roy', 32),
(2042, 'Roy Villoria', 32),
(2043, 'Roberto Turalba', 32),
(2044, 'Roy Villoria', 32),
(2045, 'Bryan Obaldo', 32),
(2046, 'Regino Obar', 32),
(2047, 'Bernard Obar', 32),
(2048, 'Armando Lopez', 32),
(2049, 'Samuel Olbinado', 32),
(2050, 'Renato Lizardo', 32),
(2051, 'Avelino Orfiano Sr.', 32),
(2052, 'Jerry Lopez', 32),
(2053, 'Alejandro Gatmen', 32),
(2054, 'Darwin Orfiano', 32),
(2055, 'Evelyn Mique', 32),
(2056, 'Teddy Marron', 32),
(2057, 'Joel Galdonez', 32),
(2058, 'Alfredo Ogos', 32),
(2059, 'Ganny Obillo', 32),
(2060, 'Flor Obra', 32),
(2061, 'Louie Orallo', 32),
(2062, 'Eddie Opinaldo', 32),
(2063, 'Gregorio Oriente', 32),
(2064, 'Agustin Ledda', 32),
(2065, 'Lorenzo Sibayan', 32),
(2066, 'Ricky Diza', 32),
(2067, 'Jeffr Ey Macadaeg', 32),
(2068, 'Jessie Oligo', 32),
(2069, 'Jun Camay', 32),
(2070, 'Pablo Bayota', 32),
(2071, 'Christopher Casem', 32),
(2072, 'Edgar Ragmac', 32),
(2073, 'Robert Opinaldo', 32),
(2074, 'Froilan Orfiano', 32),
(2075, 'Jay Mique', 32),
(2076, 'Rey Opena', 32),
(2077, 'Roger Galdonez', 32),
(2078, 'Elino Orden', 32),
(2079, 'Danilo Opetina', 32),
(2080, 'Felis Orfiano', 32),
(2081, 'David Orallo', 32),
(2082, 'Rolando Directo', 32),
(2083, 'Eduardo Lopez', 32),
(2084, 'Roberto Ancheta', 32),
(2085, 'Betty Junto', 32),
(2086, 'Jimmy Galdonez', 32),
(2087, 'Letty Oliveras', 32),
(2088, 'Fidel Orfiano', 32),
(2089, 'Marcelo Oliveras', 32),
(2090, 'Candro Orfiano', 32),
(2091, 'Magellan Caole', 32),
(2092, 'Rodolfo Orfiano', 32),
(2093, 'Renato Ibay', 32),
(2094, 'Alejandro Oabe', 32),
(2095, 'Flora Natura', 32),
(2096, 'Jimmy Navidad', 32),
(2097, 'Arnel Bungan', 32),
(2098, 'El Joseph Oriente', 32),
(2099, 'Demetrio Orden', 32),
(2100, 'Aileen Olivar', 32),
(2101, 'Bernie Camat', 32),
(2102, 'Isidro Orfiano', 32),
(2103, 'Remedios Gatmen', 32),
(2104, 'Ronald Navalta', 32),
(2105, 'Romeo Carino', 32),
(2106, 'Luding Nievera', 32),
(2107, 'Leonida Cadiente', 32),
(2108, 'Victor Nimer', 32),
(2109, 'Fredirick Lacboan', 32),
(2110, 'Ben Marquez', 33),
(2111, 'Lyn Orodio', 33),
(2112, 'Honorato Gacusin', 33),
(2113, 'Adelina Guerero', 33),
(2114, 'Alejandro Mico', 33),
(2115, 'Amadeo Tapic', 33),
(2116, 'Aniceto Lopez', 33),
(2117, 'Arnulfo Almazan', 33),
(2118, 'Boy Bello', 33),
(2119, 'Celso Monis', 33),
(2120, 'Edwin Mariano', 33),
(2121, 'Erik Valdez', 33),
(2122, 'Eugene Reyes', 33),
(2123, 'Florelyn Maala', 33),
(2124, 'George Mina', 33),
(2125, 'Jayson Monis', 33),
(2126, 'Jerry Mifa', 33),
(2127, 'Joel Baguyo', 33),
(2128, 'Joel Mifa', 33),
(2129, 'Jun Doria', 33),
(2130, 'Leonardo Maala', 33),
(2131, 'Pamela Agarpao', 33),
(2132, 'Raul Madrigal', 33),
(2133, 'Remedios Monis', 33),
(2134, 'Renie Candelario', 33),
(2135, 'Robert Castro', 33),
(2136, 'Roel Monis', 33),
(2137, 'Rogelio Monis', 33),
(2138, 'Romnick Lopez', 33),
(2139, 'Vic Jarquio', 33),
(2140, 'Cesar Fernandez', 33),
(2141, 'Jay Manzano', 33),
(2142, 'Eddie Monis', 33),
(2143, 'Rodalyn Monis', 33),
(2144, 'Joemar Monis', 33),
(2145, 'Marwin Monis', 33),
(2146, 'Rafael Monis', 33),
(2147, 'Roderick Lopez', 33),
(2148, 'Francis Peralta', 33),
(2149, 'Jhun Monis', 33),
(2150, 'Wilson Corpuz', 33),
(2151, 'Zeny Mico', 33),
(2152, 'Dominador Balanon', 33),
(2153, 'Daniel Macadaeg', 33),
(2154, 'Ulep Benjamine', 34),
(2155, 'Payan Gladys', 35),
(2156, 'Ferdinand Navarro', 36),
(2157, 'Ronnie Ofiana', 36),
(2158, 'Rudy Laroco', 36),
(2159, 'Lito Esalley', 37),
(2160, 'James Yong', 38),
(2161, 'Mae Guzman', 38),
(2162, 'Victoria Degransa', 38),
(2163, 'Cynthia Aragon', 38),
(2164, 'Danilo Collado', 38),
(2165, 'Natividad Marlon', 38),
(2166, 'Ringor Teresita', 38),
(2167, 'Feliciano Occasion', 38),
(2168, 'Jingle Navidad', 38),
(2169, 'Garry Nelmida', 38),
(2170, 'Lebby Acosta', 38),
(2171, 'Monico Agoot', 38),
(2172, 'Menyong Olarte', 39),
(2173, 'Arthur Olarte', 39),
(2174, 'Artemio Rivera', 39),
(2175, 'Adoracion Cabutotan', 39),
(2176, 'David Laroya', 39),
(2177, 'Angie Atas', 39),
(2178, 'Arnold Ofiana', 39),
(2179, 'Febie Ramirez', 39),
(2180, 'Guillermo Fangonilo', 39),
(2181, 'Benjamin Delapaz', 39),
(2182, 'Jun Daguasi', 39),
(2183, 'Lita Ofiana', 39),
(2184, 'Eddie Ramos', 39),
(2185, 'Rene Boado', 39),
(2186, 'Samuel Garcia', 39),
(2187, 'Willie Viloria', 39),
(2188, 'Froilan Garcia', 39),
(2189, 'Willy Parayno', 40),
(2190, 'Jimson Seli', 40),
(2191, 'Fernando Jay', 41),
(2192, 'Ballasiw Jerry', 42),
(2193, 'Espada Benjie', 42),
(2194, 'Espada Junior', 42),
(2195, 'Estolas Braile', 42),
(2196, 'Estolas Caren', 42),
(2197, 'Galam Roger', 42),
(2198, 'Sayangda Maribel', 42),
(2199, 'Tacloy Elpidio', 42),
(2200, 'Tubaang Cristopher', 42),
(2201, 'Tubaang Ryan', 42),
(2202, 'Jeffrey Fontanilla', 42),
(2203, 'Rogelio Cabading', 42),
(2204, 'Rudy Baltazar', 42),
(2205, 'Renato Estioco', 42),
(2206, 'Jay-r Dagdagen', 42),
(2207, 'Roberto Dalog', 42),
(2208, 'Galvan Rosita', 43),
(2209, 'Opinaldo Vilma', 43),
(2210, 'Palabay Lilia', 43),
(2211, 'Rodrigues Jimmy', 43),
(2212, 'Villanueva Ruby', 43),
(2213, 'Mariano Sobremonte', 43),
(2214, 'Alicia Nerido', 43),
(2215, 'Bhing Fontanilla', 43),
(2216, 'Mario Dacumos', 43),
(2217, 'Demie Sobremonte', 43),
(2218, 'Rolly Tumbaga', 43),
(2219, 'Francisco Marzan', 43),
(2220, 'Glenford Palabay', 43),
(2221, 'Rudy Nerido', 43),
(2222, 'Agnes Marzo', 43),
(2223, 'Lito Bacani', 43),
(2224, 'Dexter Soho', 43),
(2225, 'Annie Marzan', 43),
(2226, 'Modesto Marzan', 43),
(2227, 'Leo Tumbaga Sr', 43),
(2228, 'Eduardo Macato', 43),
(2229, 'Pamela Miranda', 43),
(2230, 'Rebecca Nelmida', 43),
(2231, 'Ronald Marzan', 43),
(2232, 'Armando Abat', 43),
(2233, 'Elpidio Fontanilla', 43),
(2234, 'Freddie Palabay', 43),
(2235, 'Rogelio Valdriz', 43),
(2236, 'Rudy Abuan', 43),
(2237, 'Lordes Bangcon', 43),
(2238, 'Lito Dacumos', 43),
(2239, 'Lilia Palabay', 43),
(2240, 'Edu Palabay', 43),
(2241, 'Manuel Obar', 43),
(2242, 'Josue Valdriz', 43),
(2243, 'Sonia Borja', 43),
(2244, 'Miguel Palabay', 43),
(2245, 'Thelma Olete', 43),
(2246, 'Johnny Agbunag', 43),
(2247, 'Quintin Obedoza', 44),
(2248, 'Arthur Juntilano', 44),
(2249, 'Fidel Claro', 44),
(2250, 'Richard Estrada', 45),
(2251, 'Romeo Estrada', 45),
(2252, 'Yolly Dela Cruz', 45),
(2253, 'Rey Galleza', 45),
(2254, 'Marcelina Verona', 45),
(2255, 'Marites Alo', 45),
(2256, 'Guillermo Padua', 45),
(2257, 'Guillermo Villanueva', 45),
(2258, 'Domingo Balsita', 45),
(2259, 'Robert Peralta', 45),
(2260, 'Moises Ramos', 45),
(2261, 'Abe Ramos', 45),
(2262, 'Eva Ramos', 45),
(2263, 'Lanie Diaz', 45),
(2264, 'Sandy Sigue', 45),
(2265, 'Guillermo Medina', 45),
(2266, 'Dominador Engano', 45),
(2267, 'Rowena Engano', 45),
(2268, 'Ericson Flores', 45),
(2269, 'Blademer Nisperos', 45),
(2270, 'Lorna Ocol', 45),
(2271, 'Imelda Japson', 45),
(2272, 'Jeddy Dulay', 45),
(2273, 'Cripin Castillo', 45),
(2274, 'Alfred Castillo', 45),
(2275, 'Ramon Sapitula', 45),
(2276, 'Jovencio Hufana', 45),
(2277, 'Benedicto Hufana', 45),
(2278, 'Manding De Guzman', 45),
(2279, 'Romy Catbagan', 45),
(2280, 'Abe Palabay', 45),
(2281, 'Lourdes Ramos', 45),
(2282, 'George Obar', 46),
(2283, 'Leonardo Carpio Jr', 46),
(2284, 'Felimon Valdez', 46),
(2285, 'Amboy Nalica', 47),
(2286, 'Renante Lagliva', 47),
(2287, 'Mely Paneda', 47),
(2288, 'Myla Nalica', 47),
(2289, 'Abelino Mamaril', 47),
(2290, 'Lucia Laroya', 47),
(2291, 'Antonio Chu', 47),
(2292, 'Rey Garcia', 47),
(2293, 'Romy Paneda', 47),
(2294, 'Ben Marquez', 47),
(2295, 'Ester Alejandro', 47),
(2296, 'Chris Laroya', 47),
(2297, 'Fhanie Rivera', 47),
(2298, 'June Garcia', 47),
(2299, 'Jun Saoyao', 47),
(2300, 'Maring Garcia', 47),
(2301, 'Lope Montemayor', 47),
(2302, 'Ludivico Boado', 47),
(2303, 'Maring Ollero', 47),
(2304, 'Santiago Garcia', 47),
(2305, 'Bio Nalica', 47),
(2306, 'Luz Tayan', 47),
(2307, 'Lumeng Garcia', 47),
(2308, 'Loring Lopez', 47),
(2309, 'Marlon Talyawan', 47),
(2310, 'Modesto Laroya', 47),
(2311, 'Rolando Toledo', 47),
(2312, 'Rogelio Pugal', 47),
(2313, 'Tessie Ollero', 47),
(2314, 'Ricardo Tenepere', 48),
(2315, 'Gina Madrid', 48),
(2316, 'Rey Pastorin', 48),
(2317, 'Noel Cleofe', 48),
(2318, 'Ben Saoi', 48),
(2319, 'Renato Cayabyab', 48),
(2320, 'Rolando Costudio', 48),
(2321, 'Linda Solis', 48),
(2322, 'Jecy Paragas', 48),
(2323, 'Amy Marquez', 48),
(2324, 'Jamez Bandong', 48),
(2325, 'Rico Ricardo', 48),
(2326, 'Ronel Namoro', 48),
(2327, 'Punzano Fernandez', 48),
(2328, 'Conrado Fernandez', 48),
(2329, 'Welly Buenavista', 48),
(2330, 'Jun Guerero', 49),
(2331, 'Ray Barroga', 49),
(2332, 'Renato Fortin', 49),
(2333, 'Eduardo Mabalot', 49),
(2334, 'Ronnie Pabunan', 49),
(2335, 'Nelson Catalon', 49),
(2336, 'Jimmy Cansino', 49),
(2337, 'Jimmy Cansino', 49),
(2338, 'Adel Blanco', 49),
(2339, 'Albert Capistrano', 49),
(2340, 'Elmer Perrion', 49),
(2341, 'Ely Cargo', 49),
(2342, 'Eugene Cabanayan', 49),
(2343, 'Melissa Cabonitalla', 49),
(2344, 'Mateo Gonzales', 49),
(2345, 'Romulo Liquiran', 49),
(2346, 'Perlita Torres', 49),
(2347, 'Orlando Gallarin', 49),
(2348, 'Eduardo Dela Cruz Jr.', 49),
(2349, 'Amy Lopez', 49),
(2350, 'Glen Mayo', 49),
(2351, 'Eugene Torio', 49),
(2352, 'Dave Cabreros', 49),
(2353, 'Jimmy Cansino', 49),
(2354, 'Gilbert Bautista', 50),
(2355, 'Boy Macatantan', 51),
(2356, 'Genaro Canadido', 52),
(2357, 'Rogel Garcia', 52),
(2358, 'Bong Naravo', 53),
(2359, 'Danny Stores', 53),
(2360, 'Archie Villada', 53),
(2361, 'Armel Galapon', 53),
(2362, 'Arlene Javier', 53),
(2363, 'Fidel Macaraeg', 53),
(2364, 'Danilo Cagunod', 54),
(2365, 'Leo Soriano', 54),
(2366, 'Alejandro De Vera', 54),
(2367, 'Alex Bacani', 54),
(2368, 'Buddy Frias', 54),
(2369, 'Rogelio Crisostomo', 54),
(2370, 'Jojo Salvador', 54),
(2371, 'Jeffrey Dizon', 54),
(2372, 'Romeo Garcia', 54),
(2373, 'Juan Malicdem', 54),
(2374, 'Emman De Guzman', 54),
(2375, 'John Rosario', 54),
(2376, 'Sergio Martinez', 54),
(2377, 'Jojo Martinez', 54),
(2378, 'John Sabangan', 54),
(2379, 'Eddie Frias', 54),
(2380, 'Llorito Batalla', 54),
(2381, 'Buddy Frias', 54),
(2382, 'Rufo Zacarias', 54),
(2383, 'Jesus Ebwan', 54),
(2384, 'John Estrada', 54),
(2385, 'Lito Alarin', 54),
(2386, 'Loreto Diaz', 55),
(2387, 'Loreto Pinuliar', 55),
(2388, 'Jhong Ramos', 55),
(2389, 'Jose Ballesteros', 55),
(2390, 'Avelino Pilas Pilas', 56),
(2391, 'Robert Basina', 56),
(2392, 'Leo Devera', 56),
(2393, 'Eric Montemayor', 56),
(2394, 'Sergio Tamondong', 56),
(2395, 'Sammy Ferrer', 56),
(2396, 'Elma Gabriel', 56),
(2397, 'Boy Sabado', 56),
(2398, 'Trinidad Santos', 56),
(2399, 'Avelino Pilas Pilas', 56),
(2400, 'Robert Basina', 56),
(2401, 'Leo Devera', 56),
(2402, 'Eric Montemayor', 56),
(2403, 'Sergio Tamondong', 56),
(2404, 'Sammy Ferrer', 56),
(2405, 'Elma Gabriel', 56),
(2406, 'Boy Sabado', 56),
(2407, 'Trinidad Santos', 56),
(2408, 'Avelino Pilas Pilas', 56),
(2409, 'Renato Cayabyab', 56),
(2410, 'Camilo Mamaril', 56),
(2411, 'Jun Velasquez', 56),
(2412, 'Armando Suryo', 56),
(2413, 'Alladin Iglesias', 56),
(2414, 'Radji Junio', 56),
(2415, 'Ferdinand Mateo', 56),
(2416, 'Hymie Bautista', 56),
(2417, 'Albert Lapitan', 56),
(2418, 'Marcos Espijo', 56),
(2419, 'Jing Guerero', 56),
(2420, 'Predo Basina', 56),
(2421, 'Leo Ignacio', 56),
(2422, 'Eugine Soriano', 56),
(2423, 'Lemuel Rapequi', 56),
(2424, 'George Conzaga', 56),
(2425, 'Narding Bertran', 56),
(2426, 'Benjamin Aquino', 56),
(2427, 'Marites Pinto', 56),
(2428, 'Artoro Lapitan', 56),
(2429, 'Armando Ramos', 56),
(2430, 'Efren Mateo', 56),
(2431, 'Robert Basina', 56),
(2432, 'Leo Devera', 56),
(2433, 'Eric Montemayor', 56),
(2434, 'Sergio Tamondong', 56),
(2435, 'Sammy Ferrer', 56),
(2436, 'Elma Gabriel', 56),
(2437, 'Boy Sabado', 56),
(2438, 'Trinidad Santos', 56),
(2439, 'Avelino Pilas Pilas', 56),
(2440, 'Antonia Dumlao', 57),
(2441, 'Kimo Gonzales', 58),
(2442, 'Ferdinand Gonzales', 58),
(2443, 'Rowena Baguyo', 59),
(2444, 'Eduardo Unay', 60),
(2445, 'Jerry Perez', 61),
(2446, 'Jake Macaraeg', 61),
(2447, 'Danny De Leon', 62),
(2448, 'Carlos Soriano', 63),
(2449, 'Apolo De Guzman', 64),
(2450, 'Celso Santiago', 65),
(2451, 'Jerry Macaranas', 65),
(2452, 'Albert Rala', 65),
(2453, 'Jason Pangandiyan', 65),
(2454, 'Rosie Casupang', 65),
(2455, 'Rosita Magayaga', 65),
(2456, 'Peny Pillado', 65),
(2457, 'Alex Cantaneda', 65),
(2458, 'Mario Canilang', 65),
(2459, 'Ading Bautista', 65),
(2460, 'Marivic Pancit', 65),
(2461, 'Albert Casupang', 65),
(2462, 'Raul Aragon', 65),
(2463, 'Salvador Nevado', 65),
(2464, 'Billy Ballesteros', 65),
(2465, 'Charito Santiago', 65),
(2466, 'Adriano Oficial', 65),
(2467, 'Alex Cansino', 65),
(2468, 'Jerry Maynigo', 65),
(2469, 'Billy Pascual', 65),
(2470, 'Celso Santiago', 65),
(2471, 'Jerry Macaranas', 65),
(2472, 'Albert Rala', 65),
(2473, 'Andy Lising', 65),
(2474, 'Arcadio Manzano', 65),
(2475, 'Amor Ramos', 65),
(2476, 'Albert Macaranas', 65),
(2477, 'Benix Torralba', 65),
(2478, 'Benjamin Bayomo', 65),
(2479, 'Anthony Fabia', 65),
(2480, 'Belly Boy Manzano', 65),
(2481, 'Dong Garcia', 65),
(2482, 'Dominador Carragan', 65),
(2483, 'Jerry Fererras', 65),
(2484, 'Jayson Fronda', 65),
(2485, 'Joven Martinez', 65),
(2486, 'Dario Frias', 65),
(2487, 'Edgar Frias', 65),
(2488, 'Mario Frias', 65),
(2489, 'Sammy Frias', 65),
(2490, 'Carlos Lamsen', 65),
(2491, 'Lito Reciles', 65),
(2492, 'Romeo De Guzman', 65),
(2493, 'Jerry Garcia', 65),
(2494, 'Mario De Guzman', 66),
(2495, 'German Fernadez', 66),
(2496, 'Alfonso Curpos', 66),
(2497, 'Robert Escanio', 66),
(2498, 'Jose Biang', 66),
(2499, 'Manuel Pacua', 66),
(2500, 'Danny Fernandez', 66),
(2501, 'Jerry Perez', 66),
(2502, 'George Polido', 66),
(2503, 'Ronel Reyes', 66),
(2504, 'Boy Polido', 66),
(2505, 'Ryan Parinas', 66),
(2506, 'Loran Benia', 66),
(2507, 'Nelson Cao', 66),
(2508, 'Erlenda Catro', 66),
(2509, 'Antonio Caseliar', 66),
(2510, 'Emilda Caguia', 66),
(2511, 'Ricky Magalang', 67),
(2512, 'Mario De Vera', 68),
(2513, 'Glenda Castillo', 69),
(2514, 'Nonong Seguin', 70),
(2515, 'Henry Bustarde', 70),
(2516, 'Charles Rosario', 70),
(2517, 'Juan Dela Cruz', 71),
(2518, 'Jerome Serra', 72),
(2519, 'Onofre Alvendia', 72),
(2520, 'Myrlene Guillermo', 73),
(2521, 'Paolo Diego', 73),
(2522, 'Rod Marqunez', 73),
(2523, 'Jun Salvacion', 73),
(2524, 'Chris Tiletile', 73),
(2525, 'Chistopher Daos', 73),
(2526, 'Mandes Carden', 73),
(2527, 'Esperanza Polbida', 73),
(2528, 'Rey Lopez', 73),
(2529, 'Orlando Deguzman', 73),
(2530, 'Domingo Santos', 73),
(2531, 'Crisanto Coloma', 73),
(2532, 'Willy Diego', 73),
(2533, 'Mariane Cabantac', 73),
(2534, 'Pido Cascolan', 73),
(2535, 'Daniel Pagador', 73),
(2536, 'Emman Cabrillas', 73),
(2537, 'Teddy Media', 73),
(2538, 'Jess Abad', 73),
(2539, 'Bito Manuloto', 73),
(2540, 'Ronel Castro', 73),
(2541, 'Lito Menpez', 73),
(2542, 'Dina Gonzales', 73),
(2543, 'Daniel Tagaron', 73),
(2544, 'Allandy Rayos', 73),
(2545, 'Al Sabado', 73),
(2546, 'Carlito Lopez', 73),
(2547, 'Jun Prez', 73),
(2548, 'Cione Ferrer', 73),
(2549, 'Jhon Rey Sangalang', 73),
(2550, 'Orlando Deguzman', 73),
(2551, 'Joan Alma', 73),
(2552, 'Nestor Revira', 74),
(2553, 'Marcelo Camacho', 74),
(2554, 'Lyn Gonzaga', 74),
(2555, 'Joel Carino', 74),
(2556, 'Rey Gemeniano', 75),
(2557, 'Aljer Fernandez', 75),
(2558, 'Gem Gugo', 76),
(2559, 'Edwin Garcia', 77),
(2560, 'Maribel Aquino', 78),
(2561, 'Danny Espiritu', 79),
(2562, 'Michael Tomas', 79),
(2563, 'Dannie Costales', 79),
(2564, 'Romeo Lumibao', 80),
(2565, 'Janray Valdes', 81),
(2566, 'Ador Javier', 81),
(2567, 'Robin Arciaga', 82),
(2568, 'Ador Ega', 83),
(2569, 'Ador Gutierez', 83),
(2570, 'Alan Cauton', 83),
(2571, 'Allah Columah', 83),
(2572, 'Arlene Capsil', 83),
(2573, 'Arturo Imbat', 83),
(2574, 'Benito Cauton', 83),
(2575, 'Benjamin Ferrer', 83),
(2576, 'Beth Laruan', 83),
(2577, 'Camilo Bibat Jr.', 83),
(2578, 'Carlina Liberato', 83),
(2579, 'Casue Sari', 83),
(2580, 'Cesar Demaanu', 83),
(2581, 'Cesario Libao', 83),
(2582, 'Ciprano Biason', 83),
(2583, 'Dahiel Cantor', 83),
(2584, 'Danny Maure', 83),
(2585, 'Dexter Telles', 83),
(2586, 'Domingo De Guzman', 83),
(2587, 'Domingo Illana', 83),
(2588, 'Dondon Osong', 83),
(2589, 'Elmo Bentres', 83),
(2590, 'Felix Pasag', 83),
(2591, 'Franz Benidect Bucauto', 83),
(2592, 'Fred Cervantes', 83),
(2593, 'Freddie Lagmay', 83),
(2594, 'Geo Duadua', 83),
(2595, 'Gerald Servillon', 83),
(2596, 'Gloria Carpio', 83),
(2597, 'Hilario Madanes', 83),
(2598, 'Inosencio Carganilla', 83),
(2599, 'Jeric Mellet', 83),
(2600, 'Jessie Sobredo', 83),
(2601, 'John Damaso', 83),
(2602, 'Johnny Quihit', 83),
(2603, 'Joel Avitong', 83),
(2604, 'Jose Foken', 83),
(2605, 'Jovita Ocumin', 83),
(2606, 'Larry Halundasan', 83),
(2607, 'Leonardo Madriaga', 83),
(2608, 'Lilibeth Bangcuop', 83),
(2609, 'Lito Lumahan', 83),
(2610, 'Lourdes Lalata', 83),
(2611, 'Manny Pucay', 83),
(2612, 'Manuel Emessah', 83),
(2613, 'Manuel Liberato', 83),
(2614, 'Marcos Polquezo', 83),
(2615, 'Marieta Gorospe', 83),
(2616, 'Mario Guleng', 83),
(2617, 'Mario Lumahan', 83),
(2618, 'Mario Quiding', 83),
(2619, 'Martie Anatel', 83),
(2620, 'Miller Olidia', 83),
(2621, 'Mellet Futchigawi', 83),
(2622, 'Mr. Jc', 83),
(2623, 'Noel De Guzman', 83),
(2624, 'Norma Agiayas', 83),
(2625, 'Onoro Era', 83),
(2626, 'Renato Deliso', 83),
(2627, 'Rey Cabradilla', 83),
(2628, 'Rey Canero', 83),
(2629, 'Reynaldo Canvillos', 83),
(2630, 'Richard Guitierez', 83),
(2631, 'Rissa Soliven', 83),
(2632, 'Robert Reviendo', 83),
(2633, 'Rodrigo Veat', 83),
(2634, 'Rogih Lisking', 83),
(2635, 'Rolly Vehosa', 83),
(2636, 'Romeo Ico', 83),
(2637, 'Romulo Pisquel', 83),
(2638, 'Romy Matias', 83),
(2639, 'Ronald Serran', 83),
(2640, 'Rose Euteng', 83),
(2641, 'Sammy Velloso', 83),
(2642, 'Samuel Miles', 83),
(2643, 'Sorgia Quines', 83),
(2644, 'Steve Haranjo', 83),
(2645, 'Teresa Ocasa', 83),
(2646, 'Val Osias', 83),
(2647, 'Vicky Opillas', 83),
(2648, 'Villoso Santiago', 83),
(2649, 'Vincent Marcena', 83),
(2650, 'Wenceslao Salvo', 83),
(2651, 'Willie Genese', 83),
(2652, 'Zaldy Adan', 83),
(2653, 'Madelyn Capua', 84),
(2654, 'Cleofe Valdez', 85),
(2655, 'Psu', 85),
(2656, 'Margie Almeron', 85),
(2657, 'Luz Galamgam', 85),
(2658, 'Bramie Peralta', 85),
(2659, 'Geraldine Cerde', 85),
(2660, 'Rodolfo Apiado', 85),
(2661, 'Roger Apiado', 85),
(2662, 'Fredirico Docusin', 85),
(2663, 'Pedro Diaz  Jr', 85),
(2664, 'Normelito Peralta', 85),
(2665, 'Arcenio Macaraeg', 85),
(2666, 'Roger Labagnoy', 85),
(2667, 'Alan Galong', 85),
(2668, 'Sergio Ynalvez', 85),
(2669, 'Willy Garcia', 85),
(2670, 'Willy Parinas', 85),
(2671, 'Celistino Alvino', 85),
(2672, 'Dante Lannuang', 85),
(2673, 'Ricky Regatcho', 85),
(2674, 'Atring Desamito', 85),
(2675, 'Honorio Casculan', 85),
(2676, 'Perlita William', 85),
(2677, 'Rolly Ventura', 86),
(2678, 'Jayson Toquero', 86),
(2679, 'Maria Relayo', 86),
(2680, 'Haime Reynalda', 87),
(2681, 'Mr. Alicnas', 87),
(2682, 'Mr. Verso', 87),
(2683, 'Mr. Versoza', 87),
(2684, 'Victoria Soliven', 87),
(2685, 'Rudy Untalasco', 87),
(2686, 'Giliermo Ahorro', 87),
(2687, 'Roberto Macatiag', 87),
(2688, 'Gina Cabansag', 87),
(2689, 'Bong Pagador', 88),
(2690, 'Sammy Lagade', 89),
(2691, 'Victoriano Lagade', 89),
(2692, 'Jayson Fonacier', 89),
(2693, 'Alex Pabilin', 89),
(2694, 'June Ivaristo', 89),
(2695, 'Diosdado Obra', 89),
(2696, 'Henry Flores', 89),
(2697, 'Dionisio Bullanday', 89),
(2698, 'Adonis Sonaco', 89),
(2699, 'Emilio Castillar', 89),
(2700, 'Dante Tabayoyong', 89),
(2701, 'Mario Acosta', 89),
(2702, 'Nora Domingo', 89),
(2703, 'Remedios Andres', 89),
(2704, 'Vilma Calacol', 90),
(2705, 'Remidios Aguilar', 90),
(2706, 'Leo Denis', 90),
(2707, 'Juanito Reyes', 90),
(2708, 'Remedios Aguilar', 90),
(2709, 'Zaldy Dulay', 91),
(2710, 'Lester Ferrer', 91),
(2711, 'Michael Fernandez', 91),
(2712, 'Benie Austria', 91),
(2713, 'Letecia Baysic', 91),
(2714, 'Dionisio Peralta', 91),
(2715, 'Zaldy Guitterez', 91),
(2716, 'Claro Calugay', 91),
(2717, 'Michael Fernandez', 91),
(2718, 'Ariel Aquino', 91),
(2719, 'Nena Palisoc', 91),
(2720, 'Marlyn Siguin', 91),
(2721, 'Boy Benoya', 91),
(2722, 'Richard Quitalig', 91),
(2723, 'Mario Brian', 91),
(2724, 'Delia Mondero', 91),
(2725, 'Lorenzo Ferrer', 91),
(2726, 'Junie Ilumin', 91),
(2727, 'Jun Morales', 91),
(2728, 'Benedick Sarmento', 91),
(2729, 'Elson Pandong', 91),
(2730, 'Armando Pascual', 91),
(2731, 'Danilo Tapiador', 91),
(2732, 'Robin Palivo', 92),
(2733, 'Sammy Mortera', 93),
(2734, 'Rowel Rascos', 93),
(2735, 'Alfredo Costales', 93),
(2736, 'Mar Corpuz', 93),
(2737, 'Jemalyn Salazar', 93),
(2738, 'Ranny Arciaga', 93),
(2739, 'Dennis Villareal', 93),
(2740, 'Rooly  Mellana', 93),
(2741, 'Rolly Maturan', 93),
(2742, 'Sally Padillo', 93),
(2743, 'Jessei Garcia', 93),
(2744, 'Zandra Mayo', 93),
(2745, 'Marlon Guillermo', 93),
(2746, 'Jeffrey Pagaduan', 93),
(2747, 'Jaime Regaspe', 93),
(2748, 'Pricilla Padillo', 93),
(2749, 'Nita Mancao', 93),
(2750, 'Dennis Quindara', 93),
(2751, 'Danilo Gonzales', 93),
(2752, 'Salvador Ragime', 93),
(2753, 'Ricardo Raba', 93),
(2754, 'Ben Lopez', 93),
(2755, 'Tonny Moreno', 93),
(2756, 'Islaw Mones', 93),
(2757, 'Jun Quiming', 93),
(2758, 'Ed Parolla', 93),
(2759, 'Roldan  Ramos', 93),
(2760, 'Francis Bascos', 93),
(2761, 'Ismael Pajareto', 93),
(2762, 'Jessie Tibanger', 93),
(2763, 'Edaurdo Maganez', 93),
(2764, 'Robin Madrenyo', 93),
(2765, 'Roland Ramos', 93),
(2766, 'Ferdinand Corpuz', 93),
(2767, 'Remmie Monez', 93),
(2768, 'Pedro Mayinez', 93),
(2769, 'Antonio Nozuelo', 93),
(2770, 'Norma Millide', 93),
(2771, 'Janice Babe', 93),
(2772, 'Danny Hondilya', 93),
(2773, 'Norbie Orial', 93),
(2774, 'Arnaldo Cabalitasan', 93),
(2775, 'Domingo Ermita', 93),
(2776, 'Arnold Estrero', 93),
(2777, 'Oyong Micua', 93),
(2778, 'Danie Hondilya', 93),
(2779, 'Jun Acosta', 93),
(2780, 'Wilson Moreno', 93),
(2781, 'Herwin Hermita', 93),
(2782, 'Roger Marron', 93),
(2783, 'Noli Bascos', 93),
(2784, 'Jojo Mendoza', 93),
(2785, 'Edgar Morla', 93),
(2786, 'Jimboy Montero', 93),
(2787, 'Johnny Ray Bacanas', 93),
(2788, 'Eddie Ibay', 93),
(2789, 'Roger Martinez', 93),
(2790, 'Emil Milyete', 93),
(2791, 'Elpedio Co', 93),
(2792, 'Tonnie Molina', 93),
(2793, 'Arry Calderon', 93),
(2794, 'Edgar Marinez', 94),
(2795, 'Mary Ann Guillen', 94),
(2796, 'Emma Tapugay', 94),
(2797, 'Jayson Sosa', 94),
(2798, 'Jerry Lucero', 94),
(2799, 'Richer Cortes', 94),
(2800, 'Romel Lazaro', 94),
(2801, 'Ting Doronio', 95),
(2802, 'Villegas Farm', 95),
(2803, 'Willie Agoto', 95),
(2804, 'Dennis Alejandro', 96),
(2805, 'Gloria Magayano', 96),
(2806, 'Mely Unciano', 96),
(2807, 'Pico Oks', 96),
(2808, 'Lito Tabisola', 96),
(2809, 'Rey Lucas', 96),
(2810, 'Ystand Agbalog', 96),
(2811, 'Mario De Guzman', 96),
(2812, 'Esteban Real', 96),
(2813, 'Loreto Cristal', 96),
(2814, 'Joel Pagador', 97),
(2815, 'Hayden Gonzales', 97),
(2816, 'Elizabeth Publico', 97),
(2817, 'Analyn Conde', 97),
(2818, 'Delia Cristobal', 97),
(2819, 'Everline Cabania', 98),
(2820, 'Lina Ursulum', 98),
(2821, 'Jun Cabuslay', 98),
(2822, 'Angelita Javier', 98),
(2823, 'Marcela Duerme', 98),
(2824, 'Rolly Rosario', 99),
(2825, 'Laina Sanuco', 100),
(2826, 'Eco Rada', 100),
(2827, 'Sonny Macadangdang', 100),
(2828, 'Jimmy Cansino', 101),
(2829, 'Renato Aejandro', 102),
(2830, 'Alex Duran', 102),
(2831, 'Salvador Besa', 102),
(2832, 'Ernesto Cabacungan', 102),
(2833, 'Willy Ramirez', 102),
(2834, 'Joel Galiza', 102),
(2835, 'Jose Yanuaria', 102),
(2836, 'Antonio Alejandro', 102),
(2837, 'Deborah Agustin', 102),
(2838, 'Mario Gante', 102),
(2839, 'Grace Dela Cruz', 102),
(2840, 'Juanito Duldulao', 102),
(2841, 'Giller Maneja', 102),
(2842, 'Pablo Foronda', 102),
(2843, 'Vicente Rivera', 102),
(2844, 'Enrogel Bernardo', 102),
(2845, 'Mr. Celso De Guzman', 102),
(2846, 'Renato Aejandro', 102),
(2847, 'Alex Duran', 102),
(2848, 'Salvador Besa', 102),
(2849, 'Ernesto Cabacungan', 102),
(2850, 'Willy Ramirez', 102),
(2851, 'Joel Galiza', 102),
(2852, 'Jose Yanuaria', 102),
(2853, 'Enrogel Bernardo', 102),
(2854, 'Antonio Alejandro', 102),
(2855, 'Deborah Agustin', 102),
(2856, 'Mario Gante', 102),
(2857, 'Grace Dela Cruz', 102),
(2858, 'Juanito Duldulao', 102),
(2859, 'Giller Maneja', 102),
(2860, 'Pablo Foronda', 102),
(2861, 'Vicente Rivera', 102),
(2862, 'Enrogel Bernardo', 102),
(2863, 'Mr. Celso De Guzman', 102),
(2864, 'Robert Basina', 103),
(2865, 'Leo Devera', 103),
(2866, 'Eric Montemayor', 103),
(2867, 'Sergio Tamondong', 103),
(2868, 'Sammy Ferrer', 103),
(2869, 'Elma Gabriel', 103),
(2870, 'Boy Sabado', 103),
(2871, 'Trinidad Santos', 103),
(2872, 'Mr.', 104),
(2873, 'Mr. Noel Villanueva', 104),
(2874, 'Orlando Villanueva', 105),
(2875, 'Julius Tomines', 105),
(2876, 'Jam Builders', 105),
(2877, 'Leon Pascion', 105),
(2878, 'Orlando Leal', 105),
(2879, 'De Ocampos Farm', 105),
(2880, 'Carlito Agonoy', 105),
(2881, 'George Pascual', 105),
(2882, 'Gatos', 105),
(2883, 'Domingo Bunagan', 105),
(2884, 'Jay Ramos', 105),
(2885, 'Joel Remigio', 105),
(2886, 'Crisologo Patricio', 105),
(2887, 'Waren Valdez', 105),
(2888, 'Joey Lobebdino', 105),
(2889, 'Susan Calla', 105),
(2890, 'James Perdido', 105),
(2891, 'Orlando Villanueva', 106),
(2892, 'Julius Tomines', 106),
(2893, 'Jam Builders', 106),
(2894, 'Leon Pascion', 106),
(2895, 'Orlando Leal', 106),
(2896, 'De Ocampos Farm', 106),
(2897, 'Carlito Agonoy', 106),
(2898, 'George Pascual', 106),
(2899, 'Gatos', 106),
(2900, 'Domingo Bunagan', 106),
(2901, 'Jay Ramos', 106),
(2902, 'Joel Remigio', 106),
(2903, 'Crisologo Patricio', 106),
(2904, 'Waren Valdez', 106),
(2905, 'Joey Lobebdino', 106),
(2906, 'Susan Calla', 106),
(2907, 'James Perdido', 106),
(2908, 'Renato Gallardo', 107),
(2909, 'Jildo Espita', 107),
(2910, 'Richelle Peneyra', 107),
(2911, 'Darlito Canaoay', 107),
(2912, 'Junior Dela Cruz', 107),
(2913, 'Diane Peneyra', 107),
(2914, 'Stephen Umaguing', 107),
(2915, 'Noli Elefante', 107),
(2916, 'Severo Cabangbang', 107),
(2917, 'Jessie Guevarra', 107),
(2918, 'Ramil Abon', 107),
(2919, 'Shirley Regino', 107),
(2920, 'Julito Ferrer', 107),
(2921, 'Arturo Roque', 107),
(2922, 'Nestor Alidiz', 107),
(2923, 'Argie Paculguin', 107),
(2924, 'Gerson,antonio', 107),
(2925, 'Dante Mayo', 107),
(2926, 'Mark Bangloy', 107),
(2927, 'Edwin Batangan', 107),
(2928, 'Gideon Lucena', 107),
(2929, 'Richard Canaoay', 107),
(2930, 'Marlon Secretario', 107),
(2931, 'Mylene Espero', 107),
(2932, 'Ricardo Estrada', 107),
(2933, 'Mateo Kimmongo', 107),
(2934, 'Ysmael Lacambra', 107),
(2935, 'Gerald Baligod', 107),
(2936, 'Lito Rances', 107),
(2937, 'Criselda Baniaga', 107),
(2938, 'Andress Madarang', 107),
(2939, 'Silvia Siddayao', 107),
(2940, 'Henry Cutop', 107),
(2941, 'William Micu', 107),
(2942, 'Loreto Siblagan', 107),
(2943, 'Marvin Gamino', 107),
(2944, 'Freddie Alvarado', 107),
(2945, 'Mario Estacio', 107),
(2946, 'Ronald Casalamitao', 107),
(2947, 'Mary Grace Lacambra', 107),
(2948, 'Roger Tolentino', 107),
(2949, 'Lito Manoat', 107),
(2950, 'Evelyn Tacloy', 107),
(2951, 'Narciso Tanglod', 107),
(2952, 'Larson Chapigas', 107),
(2953, 'Thomas Sakiting', 107),
(2954, 'David Hidalgo', 107),
(2955, 'Anlie Cholen', 107),
(2956, 'Vangie Bacakeo', 107),
(2957, 'Bong Panong', 107),
(2958, 'Sherly Leal', 107),
(2959, 'Jean Fernandez', 107),
(2960, 'Richard Canaoay', 107),
(2961, 'Ely Domingo', 107),
(2962, 'Diosdado Domingo', 107),
(2963, 'Vincent Mandales', 107),
(2964, 'Arthur De Vera', 107),
(2965, 'Gilbert Esperon', 107),
(2966, 'Freddie Buma-a', 107),
(2967, 'Antonio Bacakeo', 107),
(2968, 'Alerie Alwa', 107),
(2969, 'Lito Mandac', 107),
(2970, 'Roger Panisigan', 107),
(2971, 'Aurora Mangsat', 107),
(2972, 'Jessie Villanueva', 107),
(2973, 'Junior Balila', 107),
(2974, 'Virgilio Mendioro', 107),
(2975, 'Jaylord Coma', 107),
(2976, 'Myra Coma', 107),
(2977, 'Rudy Viray', 107),
(2978, 'Betty Codod', 107),
(2979, 'Gavino Cabantac', 107),
(2980, 'Jaime Sap-ay', 107),
(2981, 'Norma Padilla', 107),
(2982, 'Joel Tengay', 107),
(2983, 'Shirly Pit-uy', 107),
(2984, 'Renato Gallardo', 107),
(2985, 'Jildo Espita', 107),
(2986, 'Richelle Peneyra', 107),
(2987, 'Darlito Canaoay', 107),
(2988, 'Junior Dela Cruz', 107),
(2989, 'Diane Peneyra', 107),
(2990, 'Stephen Umaguing', 107),
(2991, 'Noli Elefante', 107),
(2992, 'Severo Cabangbang', 107),
(2993, 'Jessie Guevarra', 107),
(2994, 'Ramil Abon', 107),
(2995, 'Shirley Regino', 107),
(2996, 'Julito Ferrer', 107),
(2997, 'Arturo Roque', 107),
(2998, 'Nestor Alidiz', 107),
(2999, 'Argie Paculguin', 107),
(3000, 'Gerson,antonio', 107),
(3001, 'Dante Mayo', 107),
(3002, 'Mark Bangloy', 107),
(3003, 'Edwin Batangan', 107),
(3004, 'Gideon Lucena', 107),
(3005, 'Richard Canaoay', 107),
(3006, 'Marlon Secretario', 107),
(3007, 'Mylene Espero', 107),
(3008, 'Ricardo Estrada', 107),
(3009, 'Mateo Kimmongo', 107),
(3010, 'Ysmael Lacambra', 107),
(3011, 'Lito Rances', 107),
(3012, 'Criselda Baniaga', 107),
(3013, 'Andress Madarang', 107),
(3014, 'Silvia Siddayao', 107),
(3015, 'Henry Cutop', 107),
(3016, 'William Micu', 107),
(3017, 'Loreto Siblagan', 107),
(3018, 'Marvin Gamino', 107),
(3019, 'Freddie Alvarado', 107),
(3020, 'Mario Estacio', 107),
(3021, 'Ronald Casalamitao', 107),
(3022, 'Mary Grace Lacambra', 107),
(3023, 'Roger Tolentino', 107),
(3024, 'Lito Manoat', 107),
(3025, 'Evelyn Tacloy', 107),
(3026, 'Narciso Tanglod', 107),
(3027, 'Larson Chapigas', 107),
(3028, 'Thomas Sakiting', 107),
(3029, 'David Hidalgo', 107),
(3030, 'Anlie Cholen', 107),
(3031, 'Vangie Bacakeo', 107),
(3032, 'Bong Panong', 107),
(3033, 'Sherly Leal', 107),
(3034, 'Jean Fernandez', 107),
(3035, 'Richard Canaoay', 107),
(3036, 'Ely Domingo', 107),
(3037, 'Diosdado Domingo', 107),
(3038, 'Vincent Mandales', 107),
(3039, 'Arthur De Vera', 107),
(3040, 'Gilbert Esperon', 107),
(3041, 'Freddie Buma-a', 107),
(3042, 'Antonio Bacakeo', 107),
(3043, 'Alerie Alwa', 107),
(3044, 'Lito Mandac', 107),
(3045, 'Roger Panisigan', 107),
(3046, 'Benly Nool', 108),
(3047, 'Pacita Tibay', 109),
(3048, 'Ugenio Ventura', 109),
(3049, 'Pascual Guiyab', 109),
(3050, 'Ephraim Galang', 109),
(3051, 'Teressa Naknak', 109),
(3052, 'Jonathan Pedress', 109),
(3053, 'Tesie Angheles', 109),
(3054, 'Sonny Dela Cruz', 109),
(3055, 'Jefferson Simon', 109),
(3056, 'George Arellano', 109),
(3057, 'Leah Pigao', 109),
(3058, 'Q. Pastor', 109),
(3059, 'Judy Ancheta', 109),
(3060, 'Heremias Galang', 109),
(3061, 'Lita Andress', 109),
(3062, 'Bong Valdez', 109),
(3063, 'Haime Deguzman', 109),
(3064, 'Ramil Abon', 109),
(3065, 'Ugenio Ventura', 109),
(3066, 'Pascual Guiyab', 109),
(3067, 'Ephraim Galang', 109),
(3068, 'Teressa Naknak', 109),
(3069, 'Jonathan Pedress', 109),
(3070, 'Tesie Angheles', 109),
(3071, 'Sonny Dela Cruz', 109),
(3072, 'Jefferson Simon', 109),
(3073, 'George Arellano', 109),
(3074, 'Leah Pigao', 109),
(3075, 'Q. Pastor', 109),
(3076, 'Judy Ancheta', 109),
(3077, 'Heremias Galang', 109),
(3078, 'Lita Andress', 109),
(3079, 'Bong Valdez', 109),
(3080, 'Haime Deguzman', 109),
(3081, 'Ramil Abon', 109),
(3082, 'Pacita Tibay', 109),
(3083, 'Heremias Galang', 109),
(3084, 'Lita Andress', 109),
(3085, 'Bong Valdez', 109),
(3086, 'Haime Deguzman', 109),
(3087, 'Ramil Abon', 109),
(3088, 'Bogs Villanueva', 110),
(3089, 'Mr.vivencio Cervantes', 111),
(3090, 'Mr.joel Domingo', 111),
(3091, 'Mr.junicio Macamos', 111),
(3092, 'Mr. Florante Aquino', 111),
(3093, 'Mr. Diego Luis', 111),
(3094, 'Mr. Felix Tabuac', 111),
(3095, 'Mr Eduardo Reyes', 111),
(3096, 'Mr.juanito Barcarse', 111),
(3097, 'Mr. Mario Respicio', 111),
(3098, 'Mr. Vergillo Marcos', 111),
(3099, 'Mr. Frederico Bagalay', 111),
(3100, 'Mr. Greg Juanga', 111),
(3101, 'Mr. Rony Taguba', 111),
(3102, 'Mr.vivencio Cervantes', 111),
(3103, 'Mr.joel Domingo', 111),
(3104, 'Mr.junicio Macamos', 111),
(3105, 'Mr. Florante Aquino', 111),
(3106, 'Mr. Diego Luis', 111),
(3107, 'Mr. Felix Tabuac', 111),
(3108, 'Mr Eduardo Reyes', 111),
(3109, 'Mr.juanito Barcarse', 111),
(3110, 'Mr. Mario Respicio', 111),
(3111, 'Jhun Opillas', 111),
(3112, 'Nelson Dadural', 112),
(3113, 'Nelson Roque', 112),
(3114, 'Adonis Yambot', 112),
(3115, 'Joe Dadural', 112),
(3116, 'Jaime Facunla', 112),
(3117, 'Rey Auza', 112),
(3118, 'Segundo Ignacio', 112),
(3119, 'Celo Mendoza', 112),
(3120, 'Tagalisma', 112),
(3121, 'Gerry Bautista', 112),
(3122, 'Danilo Andaya', 112),
(3123, 'Johnny Felipe', 112),
(3124, 'Da-lgu', 112),
(3125, 'Alfredo Dulay', 112),
(3126, 'Nelson Dadural', 112),
(3127, 'Nelson Roque', 112),
(3128, 'Adonis Yambot', 112),
(3129, 'Joe Dadural', 112),
(3130, 'Jaime Facunla', 112),
(3131, 'Rey Auza', 112),
(3132, 'Segundo Ignacio', 112),
(3133, 'Celo Mendoza', 112),
(3134, 'Tagalisma', 112),
(3135, 'Gerry Bautista', 112),
(3136, 'Benly Nool', 112),
(3137, 'Danilo Andaya', 112),
(3138, 'Johnny Felipe', 112),
(3139, 'Da-lgu', 112),
(3140, 'Alfredo Dulay', 112),
(3141, 'Bong Padilla', 113),
(3142, 'Absulon Felipe', 113),
(3143, 'Joven Jacinto', 113),
(3144, 'Renato Alcaraz', 113),
(3145, 'Elina Anapi', 113),
(3146, 'Boyet Cristobal', 113),
(3147, 'Jocelyn Bulauan', 113),
(3148, 'John Paul Balanza', 113),
(3149, 'Edwin Villaianueva', 113),
(3150, 'Jhun Opillas', 114),
(3151, 'Bogs Villanueva', 114),
(3152, 'Jojo Pauig', 115),
(3153, 'Eric Pimentel', 115),
(3154, 'Corazon Taberna', 115),
(3155, 'Renante Obina', 115),
(3156, 'Oscar Diaz', 115),
(3157, 'Benny Pagtulingan', 116),
(3158, 'Benigno Gamponia', 116),
(3159, 'Joselito Ambrocio', 116),
(3160, 'Darwin Retonda', 116),
(3161, 'Dodo Bautista', 116),
(3162, 'Joseph Cadang', 116),
(3163, 'Steve Telan', 117),
(3164, 'Noel Acedo', 118),
(3165, 'Boy Bayudang', 119),
(3166, 'Bernard Galicia', 119),
(3167, 'Roland Aguinaldo', 119),
(3168, 'Virgilio Lopez', 119),
(3169, 'Domingo Lumicao', 119),
(3170, 'Elmer Ruiz', 119),
(3171, 'George Samandre', 119),
(3172, 'Ruthie Beting', 119),
(3173, 'Robinson Marzan', 119),
(3174, 'Benjamin Soria', 120),
(3175, 'Regina Manipon', 120),
(3176, 'Ernesto Navarro', 120),
(3177, 'Lito Quinsay', 120),
(3178, 'Raymond Gumayagay', 121),
(3179, 'Daniel Gamponia Jr.', 121),
(3180, 'Jayson Cadiz', 121),
(3181, 'Orlando Cano', 121),
(3182, 'Jenny Gay Guzman', 121),
(3183, 'Rex Salviejo', 121),
(3184, 'Willam Dumlao', 121),
(3185, 'Willy Duldulao', 121),
(3186, 'Ireneo Lagmay', 121),
(3187, 'Henry Fronda', 121),
(3188, 'Gerald Valencia', 121),
(3189, 'Lito Parotina', 121),
(3190, 'Oliver Dapingan', 121),
(3191, 'Cesar Lopez', 121),
(3192, 'Filma Dulay', 121),
(3193, 'Boy Ragsac', 121),
(3194, 'Edward Morales', 121),
(3195, 'Jenny Guzman', 121),
(3196, 'Cyril Bernal', 122),
(3197, 'Al Simsuangco', 122),
(3198, 'Dondon Lopez', 122),
(3199, 'Felix Maglicmot', 122),
(3200, 'Arnold Tajonera', 122),
(3201, 'Danny Gigante', 122),
(3202, 'Rady Labasan', 122),
(3203, 'Ric Sangalang', 122),
(3204, 'Toto Cruz', 122),
(3205, 'Jr Torno', 122),
(3206, 'Arnel Macaraig', 122),
(3207, 'Jorge Manalac', 122),
(3208, 'Narcing Flores', 122),
(3209, 'Irene Dabu', 123),
(3210, 'Larry Micua', 123),
(3211, 'Rafael Cabilangan', 123),
(3212, 'Constantino Del Rosario', 123),
(3213, 'Danny Bautista', 123),
(3214, 'Willy Villamil', 123),
(3215, 'Emil Jacinto', 124),
(3216, 'Pering Cruz', 125),
(3217, 'Julius Jimenez', 125),
(3218, 'Mar Santos', 125),
(3219, 'Leo Santos', 125),
(3220, 'Manding Intacto', 125),
(3221, 'Roberto Basbas', 125),
(3222, 'Randy Pascual', 125),
(3223, 'Fred Santos', 125),
(3224, 'Joseph Del Rosario', 125),
(3225, 'Francis Angeles', 125),
(3226, 'Ernesto Villarama', 125),
(3227, 'Anicia Fernandez', 125),
(3228, 'Marissa Trinidad', 125),
(3229, 'Leandro Guansing', 125),
(3230, 'Joseph Flores', 125),
(3231, 'Greg Francisco', 125),
(3232, 'Greg Placido', 125),
(3233, 'Julito Cathian', 125),
(3234, 'Joel Cruz', 125),
(3235, 'Jason Valero', 125),
(3236, 'Angelito Hizon', 125),
(3237, 'Reme Gregorio', 125),
(3238, 'Jess Evangelista', 125),
(3239, 'Edwin Bernardo', 125),
(3240, 'Ambet Joaquin', 125),
(3241, 'Melody Trinidad', 125),
(3242, 'Pablito Joaquin', 125),
(3243, 'Ednim Bernardo', 125),
(3244, 'Magdalena Balarao', 125),
(3245, 'Sherwin Salvador', 125),
(3246, 'Polly Flores', 125),
(3247, 'Tom Vardeleon', 125),
(3248, 'Ernie Placido', 125),
(3249, 'Loida Leonardo', 125),
(3250, 'Mar Garcia', 125),
(3251, 'Renato Mercado', 125),
(3252, 'Mario Esteban', 125),
(3253, 'Sabel Santos', 125),
(3254, 'Sabel Tigas', 125),
(3255, 'Andy Dela Cruz', 125),
(3256, 'Melbert De Guzman', 125),
(3257, 'Alfredo Espayos', 125),
(3258, 'Macario Pangan', 125),
(3259, 'Rogel Hernandez', 126),
(3260, 'Edmon Miranda', 126),
(3261, 'Obet Sakdalan', 126),
(3262, 'Quirino Catipunan', 126),
(3263, 'Teodoro Umania', 126),
(3264, 'Ricardo Ignacio', 126),
(3265, 'Adolfo Villanueva', 126),
(3266, 'Joel Maningas', 126),
(3267, 'Portonato Damian', 126),
(3268, 'Jonathan Roxas', 126),
(3269, 'Ernie Reyes', 126),
(3270, 'Teddy Garcia', 126),
(3271, 'Boy Garcia', 126),
(3272, 'Imelda San Juan', 126),
(3273, 'Mclord', 126),
(3274, 'Abel Delos Reyes', 127),
(3275, 'Willie Martin', 128),
(3276, 'Al San Diego', 128),
(3277, 'Efren Suarez', 128),
(3278, 'Benjie San Diego', 128),
(3279, 'Gerardo Dela Cruz', 128),
(3280, 'Siriaco Suarez', 128),
(3281, 'Helen Cruz', 128),
(3282, 'Ramil De Leon', 128),
(3283, 'Vergillio Villorta', 128),
(3284, 'Alice Pascual', 129),
(3285, 'Jasmin Villarama', 129),
(3286, 'Joan De Leon', 129),
(3287, 'Feliciano Bueno Obra', 129),
(3288, 'Narding Fajardo', 129),
(3289, 'Angelito Espino', 130),
(3290, 'Sergio Francisco', 131),
(3291, 'Andres Dela Cruz', 131),
(3292, 'Sally Del Poso', 132),
(3293, 'Felimon Roque', 133),
(3294, 'Benjamin Fajardo', 133),
(3295, 'Will Fajardo', 133),
(3296, 'Danny Fajardo', 133),
(3297, 'Atong Concepcion', 133),
(3298, 'Paceng Fajardo', 133),
(3299, 'Tinoy Angeles', 133),
(3300, 'Pepe Sta. Rita', 133),
(3301, 'Alex Concepcion', 133),
(3302, 'Tanse Ramos', 133),
(3303, 'Boy Silverio', 133),
(3304, 'Ambet Fajardo', 133),
(3305, 'Ferdie Garcia', 133),
(3306, 'Danny Lopez', 133),
(3307, 'Mae Lazaro', 133),
(3308, 'Elpidio Concepcion', 133),
(3309, 'Eddie Castro', 133),
(3310, 'Gelacio Espiridion', 133),
(3311, 'Nanding Dela Cruz', 133),
(3312, 'Dennis Oliveros', 133),
(3313, 'Ireneo Lopez', 133),
(3314, 'Felipe Germar', 133),
(3315, 'Jerry Cruz', 133),
(3316, 'Teresita Santos', 134),
(3317, 'Macario Santos', 135),
(3318, 'Jocelyn Vallero', 136),
(3319, 'Munti Castro', 137),
(3320, 'Ricky Castro', 137),
(3321, 'Lita Avena', 137),
(3322, 'Alvares Cruz', 137),
(3323, 'Marlon Disquitado', 137),
(3324, 'Manding Dela Torre', 137),
(3325, 'Edwin Jose', 137),
(3326, 'Dante Valderama', 138),
(3327, 'Susan Sta. Ana', 138),
(3328, 'Luz Santiago', 138),
(3329, 'Mely Ignacio', 138),
(3330, 'Fermin Trinidad', 138),
(3331, 'Melody Valimento', 138),
(3332, 'Alberto Santos', 138),
(3333, 'Elen Reyes', 138),
(3334, 'Roperto  Villianca', 138),
(3335, 'Elvira Cabayay', 138),
(3336, 'Rodolfo Abingonan', 138),
(3337, 'Fred Castillio', 138),
(3338, 'Jullios Gatus', 138),
(3339, 'Mario Galvez', 138),
(3340, 'Ambet Omania', 138),
(3341, 'Leonardo Simbilio', 138),
(3342, 'Paulino Hinabe', 138),
(3343, 'Soseng Policarpio', 139),
(3344, 'Dondi', 139),
(3345, 'Antonio Mendoza', 139),
(3346, 'Maria Asuncion', 139),
(3347, 'Loida Adriano', 139),
(3348, 'Lucy Malikdem', 139),
(3349, 'Florentino Cruz', 139),
(3350, 'Marry Anne Serna', 140),
(3351, 'Mel Santiago', 140),
(3352, 'Amang Bagum', 141),
(3353, 'Lito Esguerra', 141),
(3354, 'Lito Sebastian', 141),
(3355, 'Domeng Castro', 141),
(3356, 'Roberto Cielo', 141),
(3357, 'Reynaldo Sarmiento', 141),
(3358, 'Ernesto Manalaysay', 141),
(3359, 'Edgar Francisco', 141),
(3360, 'Andy Velayo', 141),
(3361, 'Danilo Yarte', 141),
(3362, 'Sally Francisco', 141),
(3363, 'Garry Angeles', 141),
(3364, 'Vicente Ermetanyo', 141),
(3365, 'Jay-ar Vendivil', 141),
(3366, 'Jhonny Angeles', 141),
(3367, 'Teofilo Vendivil', 141),
(3368, 'Giting Manebo', 141),
(3369, 'Adis Adelante', 141),
(3370, 'Romeo Santos', 141),
(3371, 'Boy Castro', 141),
(3372, 'Joel Dela Cruz', 141),
(3373, 'Jhonny Santiago', 141),
(3374, 'Jose Grapa', 141),
(3375, 'Ramil Sarmiento', 141),
(3376, 'Eddie Guttierez', 141),
(3377, 'Romeo Liwag', 141),
(3378, 'Rodel Silva', 141),
(3379, 'Nelson Vargas', 141),
(3380, 'Jenny Cabana', 141),
(3381, 'Daniel Libunao', 141),
(3382, 'Miming Pablo', 141),
(3383, 'Francisco Pagsanjan', 141),
(3384, 'Jun San Pedro', 141),
(3385, 'Jun Diego', 141),
(3386, 'Cris Vendivil', 141),
(3387, 'Ricardo Cabatuano', 141),
(3388, 'Reynaldo Suarez', 141),
(3389, 'Miguel Avillanosa', 141),
(3390, 'Nick Del Rosario', 141),
(3391, 'Serafin Sarmiento', 141),
(3392, 'Manuel Velasco', 141),
(3393, 'Obeth Vargas', 141),
(3394, 'Graciano Pabustan', 141),
(3395, 'Ben Villegas', 141),
(3396, 'Michael Villegas', 141),
(3397, 'Eric Francisco', 141),
(3398, 'Ireneo Dela Cruz', 141),
(3399, 'Vangie Guttierez', 141),
(3400, 'Aura Dayao', 141),
(3401, 'Louie Bautista', 141),
(3402, 'Mila Tadeo', 141),
(3403, 'Felix Asonsa', 141),
(3404, 'Jay-ar Batang', 141),
(3405, 'Viring Dimacale', 141),
(3406, 'Bobby Pabustan', 141),
(3407, 'Vita Angeles', 141),
(3408, 'Lanie Lapuz', 141),
(3409, 'Leonilo Sarmiento', 141),
(3410, 'Rommel Sarmiento', 141),
(3411, 'Narciso Manalang', 141),
(3412, 'Rogel Bajum', 141),
(3413, 'Mylene Fernando', 141),
(3414, 'Melchor Umali', 141),
(3415, 'Kits Del Rosario', 141),
(3416, 'Junior Parungao', 141),
(3417, 'Jojo Angeles', 141),
(3418, 'Cesar Vargas', 141),
(3419, 'Melvin Salvador', 141),
(3420, 'Beto Valdez', 141),
(3421, 'Gloria Maghinang', 141),
(3422, 'Eric Francisco', 141),
(3423, 'Roberto Revlando', 141),
(3424, 'Louie Malonzo', 141),
(3425, 'Antonio Balmeo', 141),
(3426, 'Ryan Velayo', 141),
(3427, 'Lito Dela Rosa', 141),
(3428, 'Roderick Pascual', 141),
(3429, 'Tessie Avillanosa', 141),
(3430, 'Gil Aguinaldo', 141),
(3431, 'Erick Santiago', 142),
(3432, 'Frederick Pascual', 143),
(3433, 'Josie Capinpin', 143),
(3434, 'Carlito Pascual', 143),
(3435, 'Mario Francisco', 143),
(3436, 'Maximo Miranda', 143),
(3437, 'Mario Victorio', 143),
(3438, 'Ronald Castro', 143),
(3439, 'Marcy Santos', 143),
(3440, 'Pio  De  Lara', 143),
(3441, 'Rey Gamboa', 143),
(3442, 'Felipe Mallari', 143),
(3443, 'Belen Flomer', 143),
(3444, 'Pedro Cristobal', 143),
(3445, 'Tony Ilusre', 143),
(3446, 'Jun Dela Cruz', 143),
(3447, 'Darryl Flomer', 143),
(3448, 'Etulio Viruya', 143),
(3449, 'Marco Marcelo', 143),
(3450, 'Arkis Santos', 143),
(3451, 'Andrew Macaranas', 143),
(3452, 'Robert Sarmiento', 143),
(3453, 'Alejandro Catalan', 143),
(3454, 'Lito Havati', 143),
(3455, 'Jerwin Centeno', 143),
(3456, 'Rufino Victorio', 143),
(3457, 'Alex Flores', 143),
(3458, 'Rowel Tadeo', 143),
(3459, 'Ronald Miranda', 143),
(3460, 'Roberto Rosales', 143),
(3461, 'Virgilio Santos', 143),
(3462, 'Jimmy Gania', 143),
(3463, 'Albert Bauto', 143),
(3464, 'Donald Capuno', 143),
(3465, 'Richard Echevaria', 144),
(3466, 'Romy Rivera', 145),
(3467, 'Domingo Pascua', 145),
(3468, 'Arnold Gaspar', 145),
(3469, 'Ronnie Martin', 145),
(3470, 'Michael Alfaro', 145),
(3471, 'Jerson Sudio', 145),
(3472, 'Joey Carbonel', 145),
(3473, 'Gregorio Pascua', 145),
(3474, 'Ronald Panlilio', 146),
(3475, 'Reynaldo Javier', 146),
(3476, 'Maricel Velarde', 146),
(3477, 'Jeffrey Bustamante', 146),
(3478, 'Emil Banzon', 146),
(3479, 'Mario Pantalunan', 146),
(3480, 'Rocky Ramos', 146),
(3481, 'Wilfredo Dayao', 146),
(3482, 'Ramon Magno', 146),
(3483, 'Armando Dayao', 146),
(3484, 'Max Feliciano', 146),
(3485, 'Jose Ortiz', 146),
(3486, 'Ike Arcangel', 146),
(3487, 'Nilo Ucol', 146),
(3488, 'Luisita Doran', 146),
(3489, 'Boy Pagtama', 146),
(3490, 'Larry Espino', 146),
(3491, 'Amang Angeles', 146),
(3492, 'Rodolfo Angeles', 146),
(3493, 'Thess Ucol', 146),
(3494, 'Ver Embuscado', 146),
(3495, 'Crispin Griffan', 147),
(3496, 'Arnel Ortiz', 147),
(3497, 'Felizarda De Guzman', 147),
(3498, 'Joey Manahan', 147),
(3499, 'Ken Carilio', 147),
(3500, 'Sherwin Hidalgo', 147),
(3501, 'Arnold Dela Cruz', 147),
(3502, 'Ferdinad Alfaro', 148),
(3503, 'Allan Pacheco', 148),
(3504, 'Melvin Luna', 149),
(3505, 'Reynante Geronimo', 150),
(3506, 'Soledad Santiago', 150),
(3507, 'Susan Mendoza', 150),
(3508, 'Melchor Batan', 150),
(3509, 'Bong Del Rosario', 150),
(3510, 'Romeo Abello', 150),
(3511, 'Peter Manawig', 150),
(3512, 'Jayson Candellaria', 150),
(3513, 'Alvin Hipolito', 150),
(3514, 'Jojo Jacuain', 150),
(3515, 'Junior Zabat', 150),
(3516, 'Bienvinido Legaspi', 151),
(3517, 'Arjay Baldazo', 151),
(3518, 'Malou Baldazo', 151),
(3519, 'Teodoro Salolo', 151),
(3520, 'Armando Calica', 151),
(3521, 'Rommy Rivera', 151),
(3522, 'Lauriano Manuel', 151),
(3523, 'Mann De Guzman', 151),
(3524, 'Marcelo Simeon', 151),
(3525, 'Mac Arnie Cabinding', 151),
(3526, 'Manny Nu', 151),
(3527, 'Marcos Bondoc', 151),
(3528, 'Mark Anthony Peralta', 151),
(3529, 'Melisa Gamboa', 151),
(3530, 'Mercedario Cruz', 151),
(3531, 'Alexander Adriano', 151),
(3532, 'Aljon Domingo', 151),
(3533, 'Lourdes Amador', 152),
(3534, 'Edzel Macatangay', 152),
(3535, 'Rey Berber', 152),
(3536, 'Felipe Sudla', 152),
(3537, 'Ofrecila Macatangay', 152),
(3538, 'Gemma Bautista', 152),
(3539, 'Garnett Dela Cruz', 152),
(3540, 'Marla Cuaresma', 152),
(3541, 'Susan Lumibao', 152),
(3542, 'Mercy David', 152),
(3543, 'Dennis Paguibitan', 152),
(3544, 'Jun Agustin', 152),
(3545, 'Velynda Manzano', 152),
(3546, 'Virgillio Quiroz', 152),
(3547, 'Ernie Pangilinan', 152),
(3548, 'Mike Driz', 152),
(3549, 'Florante Driz', 152),
(3550, 'Annie Mariano', 152),
(3551, 'Dante Dela Cruz', 152),
(3552, 'Eddie Libao', 152),
(3553, 'Roland Pineda', 152),
(3554, 'Elly Sagat', 152),
(3555, 'Adelaida Lacsmana', 153),
(3556, 'Edgar Vitug', 153),
(3557, 'Semel Manipon', 153),
(3558, 'Dong Sibal', 153),
(3559, 'Carlos Sibal', 153),
(3560, 'Man Sibal', 153),
(3561, 'Renato Pineda', 153),
(3562, 'Ramon Pineda', 153),
(3563, 'Mrs. Elizabeth Corpuz', 154),
(3564, 'Mr. Ruding Felipe', 154),
(3565, 'Mr. Noli Felipe', 154),
(3566, 'Mr. Saturnino Bacani', 154),
(3567, 'Mrs. Sally Felipe', 154),
(3568, 'Mr. Jerry Mamerga', 154),
(3569, 'Kgd. Munoz', 154),
(3570, 'Mr. Nelson Bautista', 154),
(3571, 'Mr. Cesar Estevez', 154),
(3572, 'Mr. Danny Rico', 154),
(3573, 'Rowena Baguyo', 154),
(3574, 'Rowena Baguyo', 154),
(3575, 'Rowena Baguyo', 154),
(3576, 'Paulina Pabito', 155),
(3577, 'Bert Fernandez', 156),
(3578, 'Mario Ilano', 157),
(3579, 'Mr. Allan Bautista', 158),
(3580, 'Mr. Nemecio Navarro', 158),
(3581, 'Mr Marcelo Tomas', 158),
(3582, 'Mr.reuel B. Manlungat', 159),
(3583, 'Mr.francisco Parinas', 159),
(3584, 'Mr.orlando Ubaldo', 159),
(3585, 'Mr.freddie De Jesus', 159),
(3586, 'Mr.renato Quitos', 159),
(3587, 'Mr.allan Banaag', 159),
(3588, 'Mr.nats Mercado', 159),
(3589, 'Mrs.carlina Laborera', 159),
(3590, 'Mr.arnel Justo', 159),
(3591, 'Mr.jose Roque', 159),
(3592, 'Mr.simplecio Guiang', 159),
(3593, 'Mr.antonio Pagaduan', 159),
(3594, 'Maribel Aquino', 160),
(3595, 'Maribel Aquino', 160),
(3596, 'Maribel Aquino', 160),
(3597, 'Samson Taco Taco', 161),
(3598, 'Mr Alfredo Manayan', 162),
(3599, 'Mr Loreto Acosta', 162),
(3600, 'Mr Elvis Dancel', 162),
(3601, 'Mr Vic Corpuz', 162),
(3602, 'Mrs Maria Terrado', 162),
(3603, 'Mr Noel Dulay', 162),
(3604, 'Mr Federico Galamay', 162),
(3605, 'Mr Jun Fernandez', 162),
(3606, 'Mr Bong Balanay', 162),
(3607, 'Mr Policarpio Balanay', 162),
(3608, 'Mr Loreto Agsalon', 162),
(3609, 'Alberto Ednaco', 163),
(3610, 'Rudy Malabanan', 163),
(3611, 'Joan Maalihan', 163),
(3612, 'Angel', 163),
(3613, 'Manny Zuela', 163),
(3614, 'Malen Eguia', 164),
(3615, 'Franco Atienza', 164),
(3616, 'Lorie Atienza', 164),
(3617, 'Eric Garcia', 164),
(3618, 'Rustom Loria', 164),
(3619, 'Joey Macasaet', 165);
INSERT INTO `farmer` (`id`, `name`, `locationId`) VALUES
(3620, 'Rafael Aranda', 165),
(3621, 'Nancel  Balibalus', 166),
(3622, 'Anthony', 166),
(3623, 'Nena Bisco', 166),
(3624, 'Myla Balido', 166),
(3625, 'Rodel Noriega', 166),
(3626, 'Cesar Ramirez', 166),
(3627, 'Dennis Mendoza', 166),
(3628, 'Judy Asi', 166),
(3629, 'Ariel Pamplona', 166),
(3630, 'Doming', 166),
(3631, 'Cristina Plata', 166),
(3632, 'Maricel Delen', 166),
(3633, 'Henry Manalo', 167),
(3634, 'Tony', 167),
(3635, 'Arnel Guico', 167),
(3636, 'Marcelino Dulay', 168),
(3637, 'Jimmy Hernandez', 169),
(3638, 'Evelyn Liwag', 169),
(3639, 'Fredie Briones', 169),
(3640, 'Ellen Merceder', 170),
(3641, 'Norie Dea Torre', 170),
(3642, 'Ben Palma', 171),
(3643, 'Adrianez Manggubat', 172),
(3644, 'Donato Pena', 173),
(3645, 'Geronimo Mayo', 173),
(3646, 'Jojo Rodelas', 173),
(3647, 'Berlene Gonzales', 173),
(3648, 'Allan Peralta', 174),
(3649, 'Arnold Lat', 174),
(3650, 'Berto Olan', 174),
(3651, 'Mercy Nacino', 174),
(3652, 'Noly Morcilla', 174),
(3653, 'Mario Mempin', 174),
(3654, 'Arineo Garcia', 174),
(3655, 'Adelaida Del Mundo', 174),
(3656, 'Ruben De Torres', 175),
(3657, 'Claro Cleofe', 175),
(3658, 'Rommel Umali', 175),
(3659, 'Alonzo Convento', 175),
(3660, 'Chong Alvarez', 175),
(3661, 'Pablito Maldonado', 175),
(3662, 'Oca Rosales', 175),
(3663, 'Marites Vergara', 175),
(3664, 'Robert Lipat', 175),
(3665, 'Felix Mendoza', 175),
(3666, 'Lorenzo Ocampo', 175),
(3667, 'Marlon Convento', 175),
(3668, 'Ernisto Pesigan', 175),
(3669, 'Angelito Hirang', 175),
(3670, 'Ricky Orense', 175),
(3671, 'Posfirio Escueta', 175),
(3672, 'Jemuel Angeles', 175),
(3673, 'Dan-dan Dimayuga', 175),
(3674, 'Dayo Digapa', 175),
(3675, 'Semeon Rena', 175),
(3676, 'Loyd Escueta', 175),
(3677, 'Ronald Matibag', 175),
(3678, 'Matalio Sandoval', 175),
(3679, 'Eugenia Vergara', 175),
(3680, 'Bien Ilustre', 175),
(3681, 'Ronald Matibag', 175),
(3682, 'Nelson Sanchez', 175),
(3683, 'Jun Mallorca', 175),
(3684, 'Rasty Perez', 176),
(3685, 'Rodel Morillo', 176),
(3686, 'Pito Mendoza', 176),
(3687, 'Angee Vargas', 176),
(3688, 'Larry Marcelo', 176),
(3689, 'Linda Olarte', 177),
(3690, 'Nomer Javier', 178),
(3691, 'Jenny', 178),
(3692, 'Jayjay Francisco', 178),
(3693, 'Mayeth Belino', 178),
(3694, 'Adell Villegas', 178),
(3695, 'Eddie Flores', 178),
(3696, 'Dominggo Precillia', 178),
(3697, 'Ramil Malveda', 178),
(3698, 'Gilbert Sanchez', 178),
(3699, 'Jun Hiwatig', 178),
(3700, 'Kiko', 178),
(3701, 'Loreto Centeno', 178),
(3702, 'Luis Centeno', 178),
(3703, 'Pedro Tenorio', 179),
(3704, 'Fred Abello', 179),
(3705, 'Losying Anillo', 179),
(3706, 'Abeth Austria', 179),
(3707, 'Edgardo De Lima', 179),
(3708, 'Hermie Esler', 179),
(3709, 'Leo Miranda', 179),
(3710, 'Merlita Miranda', 179),
(3711, 'Ricardo Miranda', 179),
(3712, 'Carlito Manalo', 179),
(3713, 'Jose Parma', 179),
(3714, 'Bonifacio Vergara', 179),
(3715, 'Dennis Briones', 180),
(3716, 'Ariel Briones', 180),
(3717, 'Budoy Molinar', 180),
(3718, 'Connie Manalo', 180),
(3719, 'Ernesto Ondo', 180),
(3720, 'Germa Redondo', 180),
(3721, 'Jun Perez', 180),
(3722, 'Jun Villegas', 180),
(3723, 'Kim Mercado', 180),
(3724, 'Lando Aregado', 180),
(3725, 'Levy Osccelos', 180),
(3726, 'Renato Mercado', 180),
(3727, 'Rhod Michael', 180),
(3728, 'Romeo Carpio', 180),
(3729, 'Tacyo Gonzales', 180),
(3730, 'Thez De Chavez', 180),
(3731, 'Willy Delos Santos', 180),
(3732, 'Artemeo Gutierrez', 180),
(3733, 'Teodoro Malabanan', 180),
(3734, 'Jun Cardoza', 180),
(3735, 'Mer Terible', 180),
(3736, 'Jessie Avila', 180),
(3737, 'Cherrie Oruga', 180),
(3738, 'Janing Redondo', 180),
(3739, 'Susan Molinar', 180),
(3740, 'Peping Panghulan', 180),
(3741, 'Joel Gutierrez', 180),
(3742, 'Marcela Mercado', 180),
(3743, 'Dennis Briones', 180),
(3744, 'Teddy Dela Cruz', 181),
(3745, 'Eduardo Dolosa', 182),
(3746, 'Mario Cantoba', 183),
(3747, 'Cesar Paraiso', 183),
(3748, 'Rollie Malimban', 183),
(3749, 'David Toledo', 183),
(3750, 'Yen Mendoza', 183),
(3751, 'Lolita  Egnaco', 184),
(3752, 'Maricor Bautista', 184),
(3753, 'Melissa Pelalis', 184),
(3754, 'Joey Pakinggan', 184),
(3755, 'Rodulfo Roja', 184),
(3756, 'Rofino Rumocso', 184),
(3757, 'Vergelio Ramirez', 185),
(3758, 'Danny Magnaye', 185),
(3759, 'Jay-ar Herrera', 185),
(3760, 'Rey Marciano', 186),
(3761, 'Cesar Capili', 187),
(3762, 'Benjamin  Narbaez', 188),
(3763, 'Rufina Belen', 189),
(3764, 'Nanding Ambulo', 189),
(3765, 'Angel Eusebio', 189),
(3766, 'Luisito Herrera', 189),
(3767, 'Rose Marie Pascua', 189),
(3768, 'Jim Ajoste', 189),
(3769, 'Rolando Mendoza', 189),
(3770, 'Roel Toledo', 189),
(3771, 'Gilbert Bayot', 189),
(3772, 'Leonilo Cuarteron', 189),
(3773, 'Andrew Obispo', 189),
(3774, 'Boy Gutierrez', 189),
(3775, 'Liza Ramos', 189),
(3776, 'Ramon Moral Jr.', 189),
(3777, 'Jai Labro', 189),
(3778, 'Jonathan Suparias', 189),
(3779, 'Jon-jon Sabutaw', 189),
(3780, 'Weg Yap', 190),
(3781, 'Arwin Nayle', 191),
(3782, 'Arwin Manalo', 191),
(3783, 'Emerson Maligalig', 191),
(3784, 'Sonny Villanueva', 191),
(3785, 'Menard Monsones', 191),
(3786, 'Anthony  Aquino', 191),
(3787, 'Ismael', 191),
(3788, 'Bino Mendoza', 191),
(3789, 'Efren Aquino', 191),
(3790, 'Lito Vergara', 191),
(3791, 'Willie Nayle', 191),
(3792, 'Alex Rumba', 191),
(3793, 'Marrian Gadula', 191),
(3794, 'Javier Milagrosa', 192),
(3795, 'Ponciano Maligalig', 192),
(3796, 'Dodo Reyes', 192),
(3797, 'Jesus Nabata', 192),
(3798, 'Madelyn Tandang', 192),
(3799, 'Nicanor Bambano', 192),
(3800, 'Manuel Diaz', 192),
(3801, 'Donato Eseguerra', 192),
(3802, 'Mher Navarro', 192),
(3803, 'Gary Gonzales', 192),
(3804, 'Joey Hernandez', 192),
(3805, 'Nel Monroc', 192),
(3806, 'Basf Phils', 192),
(3807, 'Glenn', 193),
(3808, 'Alvin Oruga', 194),
(3809, 'Marivic Cordez', 195),
(3810, 'Aida Montalbo', 195),
(3811, 'Ruel Arvesu', 195),
(3812, 'Zenaida Sulibit', 195),
(3813, 'Arnold Fresco', 195),
(3814, 'Onald Borgonia', 195),
(3815, 'Boyet Coroza', 195),
(3816, 'Alyson Borlaza', 195),
(3817, 'Venus Bregente', 195),
(3818, 'Jessie Monfero', 195),
(3819, 'Maricel Sargado', 195),
(3820, 'Vicky Abarquez', 195),
(3821, 'Estelita Villanueva', 195),
(3822, 'Ernie Arvesu', 195),
(3823, 'Anthony Montiero', 195),
(3824, 'Andy Arvesu', 195),
(3825, 'Ogie Gabay', 195),
(3826, 'Oliver Articona', 195),
(3827, 'Gina Armienda', 196),
(3828, 'Herminio Manilag', 196),
(3829, 'Bino Alvarez', 196),
(3830, 'Lorenzo Moldes', 196),
(3831, 'Dennis Moldes', 196),
(3832, 'Erick Lapitan', 196),
(3833, 'Marvin Villaroel', 196),
(3834, 'Randy Siquito', 196),
(3835, 'Adrian Sapin', 196),
(3836, 'Aldrin Mystica', 197),
(3837, 'Allan Sollodin', 197),
(3838, 'Danny Villiena', 198),
(3839, 'Belen Urriza', 198),
(3840, 'David Gerando', 198),
(3841, 'Juvy Jimena', 199),
(3842, 'Jimmy Coronado', 199),
(3843, 'Henry Pante', 199),
(3844, 'Susing Su', 199),
(3845, 'Naty Coronado', 199),
(3846, 'Tina Balao-as', 199),
(3847, 'Mario Coronado', 199),
(3848, 'Vivencio Almendral', 199),
(3849, 'Alex Dorado', 199),
(3850, 'Cesar Montesa', 199),
(3851, 'Aden Somotia', 199),
(3852, 'Arnel Ortiz', 199),
(3853, 'Arlentita Royo', 199),
(3854, 'Susimo Doria', 199),
(3855, 'Jullius Caballes', 199),
(3856, 'Elsie Guisando', 199),
(3857, 'Sally Esperanza', 199),
(3858, 'Ezza Ardan', 199),
(3859, 'Joel Torno', 199),
(3860, 'Hennie Camagong', 199),
(3861, 'Celso Arcenal', 199),
(3862, 'Chris Istabillo', 199),
(3863, 'Cherrylyn Olipano', 199),
(3864, 'Oswaldo De Castro', 199),
(3865, 'Bernie Coronado', 199),
(3866, 'Thelma Bargo', 199),
(3867, 'Jaime Pontega', 199),
(3868, 'Diomedes Monreal', 199),
(3869, 'Ronald Urriquia', 199),
(3870, 'Marieta Pangayaw', 199),
(3871, 'Cecilla Flores', 199),
(3872, 'Boy Dorado', 199),
(3873, 'Mrs.montessa', 199),
(3874, 'Rico Doria', 199),
(3875, 'Susan Obec', 199),
(3876, 'Lina Barrios', 199),
(3877, 'Dennis Berridiano', 199),
(3878, 'Teodoro Nodado', 200),
(3879, 'Totoy Talubo', 201),
(3880, 'Ric Villarica', 201),
(3881, 'Bads Palasin', 201),
(3882, 'Randy Balatibat', 201),
(3883, 'Reymar Marcelo', 201),
(3884, 'Leah Relos', 201),
(3885, 'Roland Ramos', 201),
(3886, 'Louie De Ramos', 201),
(3887, 'Gloria Ramos', 201),
(3888, 'Prescilla Melanio', 201),
(3889, 'Joselito Castillio', 201),
(3890, 'Paul Brian Castaneda', 201),
(3891, 'Glenda Agra', 201),
(3892, 'Antonio De Guzman', 201),
(3893, 'Obet Jovelito', 201),
(3894, 'Beneth Carillio', 201),
(3895, 'Mamerto Ramos', 201),
(3896, 'Jolly Natividad', 201),
(3897, 'Ricardo Matienzo', 201),
(3898, 'Benjie Melicio', 201),
(3899, 'Michael Pangyao', 201),
(3900, 'Benny Melicio', 201),
(3901, 'Joseph Santos', 201),
(3902, 'Paul Atensyo', 201),
(3903, 'Arlene May Royo', 202),
(3904, 'Bob Bondad', 203),
(3905, 'Antony Gaw', 203),
(3906, 'Rizal Butiong', 203),
(3907, 'Isidro Delloba', 203),
(3908, 'Precy Putungan', 203),
(3909, 'Gina Magtaca', 203),
(3910, 'Eddie Izon', 203),
(3911, 'Gregorio De Guzman', 204),
(3912, 'Salvador Arbes Jr.', 204),
(3913, 'Hedy Napiza', 204),
(3914, 'Yoly Reyes', 204),
(3915, 'Cedie Estrada', 204),
(3916, 'Llanie Urbano', 204),
(3917, 'Glen Ramirez', 204),
(3918, 'Jojo Eugenio', 205),
(3919, 'Arlene Biason', 205),
(3920, 'Mirasol Siscan', 205),
(3921, 'John Gasta', 205),
(3922, 'Luis Navarro', 206),
(3923, 'Bernard Mahutoc', 206),
(3924, 'Elmer Danguines', 206),
(3925, 'Beth Delos Reyes', 206),
(3926, 'Armor Delos Reyes', 206),
(3927, 'Boy Adupina', 206),
(3928, 'Fe Verso', 206),
(3929, 'Joseph Masajo', 206),
(3930, 'Francisco Abital', 207),
(3931, 'Rufino Coronado', 207),
(3932, 'Librado Condino', 207),
(3933, 'Sonia Diala', 207),
(3934, 'Cesar Vedoral', 207),
(3935, 'Raquel Mendoza', 207),
(3936, 'Felix Anives', 207),
(3937, 'Jeseph Ponteveros', 207),
(3938, 'Maurita Pandanan', 207),
(3939, 'Anecitas Estrellado', 207),
(3940, 'Angel Santos', 207),
(3941, 'Jaquiline Punzalan', 207),
(3942, 'Jerwin Vedoral', 207),
(3943, 'Rosendo De Torres', 207),
(3944, 'Garrieglo Ilagan', 207),
(3945, 'Dudz', 208),
(3946, 'Daniel Aguila', 209),
(3947, 'Rico Raz', 209),
(3948, 'Mamerto Malabanan', 209),
(3949, 'Rodelio Aguila', 209),
(3950, 'Rene Ramos', 209),
(3951, 'Zorok', 209),
(3952, 'Tomas Cornejo', 209),
(3953, 'Jhun Saabedra', 209),
(3954, 'Marsing Ras', 209),
(3955, 'Niewen Lacerna', 209),
(3956, 'Roberto Pangilinan', 209),
(3957, 'Esabina Sanchez', 210),
(3958, 'Mercelina Linatoc', 210),
(3959, 'Abner Villanueva', 210),
(3960, 'Randy Acquiatan', 210),
(3961, 'Levy Del Rosario', 210),
(3962, 'Felix Aranio', 210),
(3963, 'Jason Acura', 210),
(3964, 'Raul Manimtim', 210),
(3965, 'Sabena Sanchez', 210),
(3966, 'Mercy Lunes', 210),
(3967, 'Ben Montealto', 210),
(3968, 'Gerry Sinuhin', 210),
(3969, 'Ben Mendoza', 210),
(3970, 'Celso Magho', 211),
(3971, 'Kenneth Pacdo', 211),
(3972, 'Editha Illayo', 212),
(3973, 'Ricky Pilayo', 212),
(3974, 'Jerry Takio', 212),
(3975, 'Emeterio Takio', 213),
(3976, 'Remedios Bangcoleng', 214),
(3977, 'Juanna Kiddang', 214),
(3978, 'Remedios Bangcoleng', 214),
(3979, 'Juanna Kiddang', 214),
(3980, 'Gerald Baligod', 214),
(3981, 'Corbridge', 215);

-- --------------------------------------------------------

--
-- Table structure for table `location`
--

CREATE TABLE IF NOT EXISTS `location` (
  `locationId` int(11) NOT NULL AUTO_INCREMENT,
  `barangay` longtext COLLATE utf8_unicode_ci,
  `city` longtext COLLATE utf8_unicode_ci NOT NULL,
  `province` longtext COLLATE utf8_unicode_ci NOT NULL,
  `region` longtext COLLATE utf8_unicode_ci NOT NULL,
  `latitude` decimal(10,0) DEFAULT NULL,
  `longitude` decimal(10,0) DEFAULT NULL,
  PRIMARY KEY (`locationId`)
) ENGINE=InnoDB  DEFAULT CHARSET=utf8 COLLATE=utf8_unicode_ci AUTO_INCREMENT=246 ;

--
-- Dumping data for table `location`
--

INSERT INTO `location` (`locationId`, `barangay`, `city`, `province`, `region`, `latitude`, `longitude`) VALUES
(1, NULL, 'Bacarra', 'Ilocos Norte', '1', NULL, NULL),
(2, NULL, 'Badoc', 'Ilocos Norte', '1', NULL, NULL),
(3, NULL, 'Banna', 'Ilocos Norte', '1', NULL, NULL),
(4, '#18 Magnuang', 'Batac', 'Ilocos Norte', '1', NULL, NULL),
(5, NULL, 'Batac City', 'Ilocos Norte', '1', NULL, NULL),
(6, NULL, 'Currimao', 'Ilocos Norte', '1', NULL, NULL),
(7, NULL, 'Dingras', 'Ilocos Norte', '1', NULL, NULL),
(8, NULL, 'Escoda', 'Ilocos Norte', '1', NULL, NULL),
(9, 'Brgy. 22', 'Laoag City', 'Ilocos Norte', '1', NULL, NULL),
(10, 'Brgy. Daquioag', 'Marcos', 'Ilocos Norte', '1', NULL, NULL),
(11, NULL, 'Nueva Era', 'Ilocos Norte', '1', NULL, NULL),
(12, 'Nanguyudan', 'Paoay', 'Ilocos Norte', '1', NULL, NULL),
(13, NULL, 'Pasuquin', 'Ilocos Norte', '1', NULL, NULL),
(14, NULL, 'Piddig', 'Ilocos Norte', '1', NULL, NULL),
(15, 'Dalayap', 'Pinili', 'Ilocos Norte', '1', NULL, NULL),
(16, 'Brgy. 22', 'San Nicolas', 'Ilocos Norte', '1', NULL, NULL),
(17, 'Brgy. 8', 'Sarrat', 'Ilocos Norte', '1', NULL, NULL),
(18, 'Brgy. Talugtog', 'Solo', 'Ilocos Norte', '1', NULL, NULL),
(19, 'Brgy. Manalpac', 'Solsona', 'Ilocos Norte', '1', NULL, NULL),
(20, NULL, 'Alilem', 'Ilocos Sur', '1', NULL, NULL),
(21, NULL, 'Alilem Poblacion', 'Ilocos Sur', '1', NULL, NULL),
(22, 'Bessang', 'Cervantes', 'Ilocos Sur', '1', NULL, NULL),
(23, 'Cabaroan', 'Salcedo', 'Ilocos Sur', '1', NULL, NULL),
(24, 'Caparia-an', 'Sta. Cruz', 'Ilocos Sur', '1', NULL, NULL),
(25, 'Ayusan', 'Sta. Lucia', 'Ilocos Sur', '1', NULL, NULL),
(26, 'Castro', 'Sudipen', 'Ilocos Sur', '1', NULL, NULL),
(27, 'Baringcucurong', 'Suyo', 'Ilocos Sur', '1', NULL, NULL),
(28, 'Ag-aguman', 'Taguidin', 'Ilocos Sur', '1', NULL, NULL),
(29, 'Barangobong', '', 'Ilocos Sur', '1', NULL, NULL),
(30, 'Ambitacay', 'Agoo', 'La Union', '1', NULL, NULL),
(31, 'Guinabang', 'Bacnotan', 'La Union', '1', NULL, NULL),
(32, NULL, 'Balaoan', 'La Union', '1', NULL, NULL),
(33, 'Agdeppa', 'Bangar', 'La Union', '1', NULL, NULL),
(34, 'Nagsabaran Norte', 'Blanc', 'La Union', '1', NULL, NULL),
(35, NULL, 'Cervantes', 'La Union', '1', NULL, NULL),
(36, 'Tubod', 'Damortis', 'La Union', '1', NULL, NULL),
(37, NULL, 'La Trinidad', 'La Union', '1', NULL, NULL),
(38, NULL, 'Luna', 'La Union', '1', NULL, NULL),
(39, 'Tavora Proper', 'Pugo', 'La Union', '1', NULL, NULL),
(40, NULL, 'Rosario', 'La Union', '1', NULL, NULL),
(41, NULL, 'San Fernando', 'La Union', '1', NULL, NULL),
(42, NULL, 'San Gabriel', 'La Union', '1', NULL, NULL),
(43, 'Dasay', 'San Juan', 'La Union', '1', NULL, NULL),
(44, NULL, 'Santol', 'La Union', '1', NULL, NULL),
(45, 'Lomboy', 'Sto. Tomas', 'La Union', '1', NULL, NULL),
(46, NULL, 'Sudipen', 'La Union', '1', NULL, NULL),
(47, 'Lloren', 'Tubao', 'La Union', '1', NULL, NULL),
(48, 'Tampac', 'Aguilar', 'Pangasinan', '1', NULL, NULL),
(49, NULL, 'Alcala', 'Pangasinan', '1', NULL, NULL),
(50, NULL, 'Anambongan', 'Pangasinan', '1', NULL, NULL),
(51, NULL, 'Angatel', 'Pangasinan', '1', NULL, NULL),
(52, 'Dupac', 'Asingan', 'Pangasinan', '1', NULL, NULL),
(53, NULL, 'Balungao', 'Pangasinan', '1', NULL, NULL),
(54, 'Navatat', 'Basista', 'Pangasinan', '1', NULL, NULL),
(55, NULL, 'Bautista', 'Pangasinan', '1', NULL, NULL),
(56, 'Manambong Sur', 'Bayambang', 'Pangasinan', '1', NULL, NULL),
(57, 'Bolaoen', 'Bugallon', 'Pangasinan', '1', NULL, NULL),
(58, NULL, 'Calasiao', 'Pangasinan', '1', NULL, NULL),
(59, NULL, 'Camiling', 'Pangasinan', '1', NULL, NULL),
(60, NULL, 'Durungan', 'Pangasinan', '1', NULL, NULL),
(61, NULL, 'Galarin', 'Pangasinan', '1', NULL, NULL),
(62, NULL, 'Gilew', 'Pangasinan', '1', NULL, NULL),
(63, NULL, 'Lingayen', 'Pangasinan', '1', NULL, NULL),
(64, NULL, 'Macayocayo', 'Pangasinan', '1', NULL, NULL),
(65, 'Canan', 'Malasiqui', 'Pangasinan', '1', NULL, NULL),
(66, 'Bulalacaw', 'Mangatarem', 'Pangasinan', '1', NULL, NULL),
(67, NULL, 'Masantol', 'Pangasinan', '1', NULL, NULL),
(68, NULL, 'Nalneran', 'Pangasinan', '1', NULL, NULL),
(69, NULL, 'Obong', 'Pangasinan', '1', NULL, NULL),
(70, NULL, 'Palma', 'Pangasinan', '1', NULL, NULL),
(71, NULL, 'Pasibi', 'Pangasinan', '1', NULL, NULL),
(72, 'Batakil', 'Pozurrubio', 'Pangasinan', '1', NULL, NULL),
(73, NULL, 'Rosales', 'Pangasinan', '1', NULL, NULL),
(74, 'Duyong', 'San Carlos', 'Pangasinan', '1', NULL, NULL),
(75, NULL, 'San Clemente', 'Pangasinan', '1', NULL, NULL),
(76, NULL, 'San Fabian', 'Pangasinan', '1', NULL, NULL),
(77, NULL, 'San Jose', 'Pangasinan', '1', NULL, NULL),
(78, NULL, 'San Juan', 'Pangasinan', '1', NULL, NULL),
(79, NULL, 'San Manuel', 'Pangasinan', '1', NULL, NULL),
(80, NULL, 'San Nicolas', 'Pangasinan', '1', NULL, NULL),
(81, NULL, 'San Pedro West Rosales', 'Pangasinan', '1', NULL, NULL),
(82, NULL, 'San. Carlos', 'Pangasinan', '1', NULL, NULL),
(83, 'Labayug', 'Sison', 'Pangasinan', '1', NULL, NULL),
(84, NULL, 'Sta. Barbara', 'Pangasinan', '1', NULL, NULL),
(85, NULL, 'Sta. Maria', 'Pangasinan', '1', NULL, NULL),
(86, NULL, 'Sto. Tomas', 'Pangasinan', '1', NULL, NULL),
(87, 'Pangascasan', 'Sual', 'Pangasinan', '1', NULL, NULL),
(88, NULL, 'Tomana Rosales', 'Pangasinan', '1', NULL, NULL),
(89, 'Ricos', 'Uminga', 'Pangasinan', '1', NULL, NULL),
(90, NULL, 'Umingan', 'Pangasinan', '1', NULL, NULL),
(91, NULL, 'Urbiztondo', 'Pangasinan', '1', NULL, NULL),
(92, NULL, 'Urdaneta City', 'Pangasinan', '1', NULL, NULL),
(93, NULL, 'Villasis', 'Pangasinan', '1', NULL, NULL),
(94, 'Bulo', 'Allacapan', 'Cagayan', '2', NULL, NULL),
(95, NULL, 'Apari', 'Cagayan', '2', NULL, NULL),
(96, 'San Vicente', 'Buguey', 'Cagayan', '2', NULL, NULL),
(97, 'Bulala', 'Camalaniugan', 'Cagayan', '2', NULL, NULL),
(98, 'Bangag', 'Lal-lo', 'Cagayan', '2', NULL, NULL),
(99, NULL, '', 'Cagayan', '2', NULL, NULL),
(100, 'Delfin', 'Albano', 'Isabela', '2', NULL, NULL),
(101, NULL, 'Alcala', 'Isabela', '2', NULL, NULL),
(102, 'Kalabaza', 'Aurora', 'Isabela', '2', NULL, NULL),
(103, 'Hermosa', 'Bayambang', 'Isabela', '2', NULL, NULL),
(104, 'Diamantina', 'Cabatuan', 'Isabela', '2', NULL, NULL),
(105, 'Magsaysay', 'Naguilian', 'Isabela', '2', NULL, NULL),
(106, 'Magsaysay', 'Nagulian', 'Isabela', '2', NULL, NULL),
(107, 'Mangga', 'Quezon', 'Isabela', '2', NULL, NULL),
(108, 'Raniag', 'Ramon', 'Isabela', '2', NULL, NULL),
(109, NULL, 'Roxas', 'Isabela', '2', NULL, NULL),
(110, NULL, 'San Isidro', 'Isabela', '2', NULL, NULL),
(111, 'San Andres', 'San Mateo', 'Isabela', '2', NULL, NULL),
(112, 'Rizal', 'Santiago City', 'Isabela', '2', NULL, NULL),
(113, 'San Pedro', 'Tumauini', 'Isabela', '2', NULL, NULL),
(114, 'San Mateo', '', 'Isabela', '2', NULL, NULL),
(115, 'Tuao North', 'Bagabag', 'Nueva Vizcaya', '2', NULL, NULL),
(116, 'Homestead', 'Bambang', 'Nueva Vizcaya', '2', NULL, NULL),
(117, NULL, 'Baretbet', 'Nueva Vizcaya', '2', NULL, NULL),
(118, 'Bonfal Proper', 'Bay', 'Nueva Vizcaya', '2', NULL, NULL),
(119, 'Osmena', 'Solano', 'Nueva Vizcaya', '2', NULL, NULL),
(120, 'Ibung', 'Villaverde', 'Nueva Vizcaya', '2', NULL, NULL),
(121, 'Sto. Domingo', '', 'Nueva Vizcaya', '2', NULL, NULL),
(122, 'San Simon', 'Dinalupihan', 'Bataan', '3', NULL, NULL),
(123, 'Bamban', 'Hermosa', 'Bataan', '3', NULL, NULL),
(124, '*', '*', 'Bulacan', '3', NULL, NULL),
(125, 'Binagbag', 'Angat', 'Bulacan', '3', NULL, NULL),
(126, 'Pinagbarilan', 'Baliuag', 'Bulacan', '3', NULL, NULL),
(127, NULL, 'Bucaue', 'Bulacan', '3', NULL, NULL),
(128, 'Liciada', 'Bustos', 'Bulacan', '3', NULL, NULL),
(129, 'Baybay', 'Do', 'Bulacan', '3', NULL, NULL),
(130, 'Bungahan', 'Malolos City', 'Bulacan', '3', NULL, NULL),
(131, 'Prenza', 'Marilao', 'Bulacan', '3', NULL, NULL),
(132, NULL, 'Pagala', 'Bulacan', '3', NULL, NULL),
(133, 'Cupang', 'Pandi', 'Bulacan', '3', NULL, NULL),
(134, NULL, 'Pantubig', 'Bulacan', '3', NULL, NULL),
(135, NULL, 'Pulilan', 'Bulacan', '3', NULL, NULL),
(136, NULL, 'San Ildefonso', 'Bulacan', '3', NULL, NULL),
(137, 'Gaya-gaya', 'San Jose Del Monte City', 'Bulacan', '3', NULL, NULL),
(138, 'Pasong Bangkal', 'San Rafael', 'Bulacan', '3', NULL, NULL),
(139, 'Parada', 'Sta. Maria', 'Bulacan', '3', NULL, NULL),
(140, 'Sumacab', 'Cabanatuan City', 'Nueva Ecija', '3', NULL, NULL),
(141, 'Baluarte', 'Gapan City', 'Nueva Ecija', '3', NULL, NULL),
(142, NULL, 'Gen Tinio', 'Nueva Ecija', '3', NULL, NULL),
(143, 'Nyugan', 'Jaen', 'Nueva Ecija', '3', NULL, NULL),
(144, NULL, 'Mambangan', 'Nueva Ecija', '3', NULL, NULL),
(145, 'Aglipay', 'Rizal', 'Nueva Ecija', '3', NULL, NULL),
(146, NULL, 'San Antonio', 'Nueva Ecija', '3', NULL, NULL),
(147, 'Alua', 'San Isidro', 'Nueva Ecija', '3', NULL, NULL),
(148, 'Villa Joson', 'San Jose City', 'Nueva Ecija', '3', NULL, NULL),
(149, 'San Joseph', 'San Joseph', 'Nueva Ecija', '3', NULL, NULL),
(150, 'Magpapalayoc', 'San Leonardo', 'Nueva Ecija', '3', NULL, NULL),
(151, 'Raja', 'Sta. Rosa', 'Nueva Ecija', '3', NULL, NULL),
(152, 'Mayamot', 'Zaragosa', 'Nueva Ecija', '3', NULL, NULL),
(153, 'Dapdap', 'Bamban', 'Tarlac', '3', NULL, NULL),
(154, 'Surgui 2nd', 'Camiling', 'Tarlac', '3', NULL, NULL),
(155, 'Navy', 'Capas', 'Tarlac', '3', NULL, NULL),
(156, NULL, 'Gerona', 'Tarlac', '3', NULL, NULL),
(157, NULL, 'Hacienda', 'Tarlac', '3', NULL, NULL),
(158, NULL, 'Mayantoc', 'Tarlac', '3', NULL, NULL),
(159, 'Doclong 1st', 'San Clemente', 'Tarlac', '3', NULL, NULL),
(160, NULL, 'San Juan', 'Tarlac', '3', NULL, NULL),
(161, NULL, 'San Manuel', 'Tarlac', '3', NULL, NULL),
(162, 'Vargas', 'Sta. Ignacia', 'Tarlac', '3', NULL, NULL),
(163, '*', '*', 'Batangas', '4', NULL, NULL),
(164, NULL, 'Alitagtag', 'Batangas', '4', NULL, NULL),
(165, 'Paliwagan', 'Balete', 'Batangas', '4', NULL, NULL),
(166, 'Dumantay', 'Batangas City', 'Batangas', '4', NULL, NULL),
(167, NULL, 'Bauan', 'Batangas', '4', NULL, NULL),
(168, NULL, 'Calamba City', 'Batangas', '4', NULL, NULL),
(169, NULL, 'Calatagan', 'Batangas', '4', NULL, NULL),
(170, NULL, 'Cuenca', 'Batangas', '4', NULL, NULL),
(171, 'Lapu-lapu', 'Ibaan', 'Batangas', '4', NULL, NULL),
(172, NULL, 'Laurel', 'Batangas', '4', NULL, NULL),
(173, 'Pinagtungolan', 'Lipa City', 'Batangas', '4', NULL, NULL),
(174, 'Sta. Maria', 'Malvar', 'Batangas', '4', NULL, NULL),
(175, 'San Miguel', 'Padre Garcia', 'Batangas', '4', NULL, NULL),
(176, 'Balagtasin', 'San Jose', 'Batangas', '4', NULL, NULL),
(177, NULL, 'San Pascual', 'Batangas', '4', NULL, NULL),
(178, NULL, 'Sto. Tomas', 'Batangas', '4', NULL, NULL),
(179, NULL, 'Talisay', 'Batangas', '4', NULL, NULL),
(180, NULL, 'Tanauan City', 'Batangas', '4', NULL, NULL),
(181, NULL, 'Amadeo', 'Cavite', '4A', NULL, NULL),
(182, 'Pulong', 'Bunga', 'Cavite', '4A', NULL, NULL),
(183, 'Pala-pala', 'Dasmarinas', 'Cavite', '4A', NULL, NULL),
(184, 'Niyogan', 'General Trias', 'Cavite', '4A', NULL, NULL),
(185, NULL, 'Imus', 'Cavite', '4A', NULL, NULL),
(186, 'Tuklong', 'Kawit', 'Cavite', '4A', NULL, NULL),
(187, NULL, 'Malinta', 'Cavite', '4A', NULL, NULL),
(188, 'Manggahan', 'Manggahan', 'Cavite', '4A', NULL, NULL),
(189, 'Batas', 'Silang', 'Cavite', '4A', NULL, NULL),
(190, NULL, 'Tagaytay City', 'Cavite', '4A', NULL, NULL),
(191, 'San Juan', 'Alaminos', 'Laguna', '4A', NULL, NULL),
(192, 'Sto. Domingo', 'Bay', 'Laguna', '4A', NULL, NULL),
(193, 'Apasan Limao', 'Calauan', 'Laguna', '4A', NULL, NULL),
(194, NULL, 'Calaun', 'Laguna', '4A', NULL, NULL),
(195, 'Calumpang', 'Liliw', 'Laguna', '4A', NULL, NULL),
(196, 'Maahos', 'Los Banos', 'Laguna', '4A', NULL, NULL),
(197, NULL, 'Magdalena', 'Laguna', '4A', NULL, NULL),
(198, 'Subac', 'Majayjay', 'Laguna', '4A', NULL, NULL),
(199, 'Mainao', 'Nagcarlan', 'Laguna', '4A', NULL, NULL),
(200, NULL, 'Pami', 'Laguna', '4A', NULL, NULL),
(201, NULL, 'Pila', 'Laguna', '4A', NULL, NULL),
(202, 'Pauli I.', 'Rizal', 'Laguna', '4A', NULL, NULL),
(203, 'Brgy. San Crispin', 'San Pablo City', 'Laguna', '4A', NULL, NULL),
(204, 'Oogong', 'Sta. Cruz', 'Laguna', '4A', NULL, NULL),
(205, 'Masapang', 'Victoria', 'Laguna', '4A', NULL, NULL),
(206, NULL, '', 'Laguna', '4A', NULL, NULL),
(207, 'Ayusan', 'Dolores', 'Quezon', '4A', NULL, NULL),
(208, NULL, 'Lopez', 'Quezon', '4A', NULL, NULL),
(209, 'Brgy. Magsaysay', 'San Antonio', 'Quezon', '4A', NULL, NULL),
(210, 'Ayusan', 'Tiaong', 'Quezon', '4A', NULL, NULL),
(211, 'Lobas', 'La Trinidad', 'Benguet', 'CAR', NULL, NULL),
(212, 'Arsagan', 'Tuba', 'Benguet', 'CAR', NULL, NULL),
(213, 'Balangabang', 'Tubao', 'Benguet', 'CAR', NULL, NULL),
(214, 'Malalao', 'Tabuk', 'Kalinga', 'CAR', NULL, NULL),
(215, NULL, 'Quezon City', 'Metro Manila', 'NCR', NULL, NULL),
(216, NULL, 'Binalonan', 'Pangasinan', '1', NULL, NULL),
(217, NULL, 'San Pablo', 'Pangasinan', '1', NULL, NULL),
(218, NULL, 'Dolores', 'Pangasinan', '1', NULL, NULL),
(219, NULL, 'Anda', 'Pangasinan', '1', NULL, NULL),
(220, NULL, 'Villasis Bagsakan', 'Pangasinan', '1', NULL, NULL),
(221, NULL, 'Bamban', 'Pangasinan', '1', NULL, NULL),
(222, NULL, 'Capaz', 'Cagayan', '2', NULL, NULL),
(223, NULL, 'San Vicente', 'Cagayan', '2', NULL, NULL),
(224, NULL, 'Alcala', 'Cagayan', '2', NULL, NULL),
(225, NULL, 'Solana', 'Cagayan', '2', NULL, NULL),
(226, NULL, 'Iguig', 'Cagayan', '2', NULL, NULL),
(227, NULL, 'Bamban', 'Cagayan', '2', NULL, NULL),
(228, NULL, 'Cabiao', 'Nueva Ecija', '3', NULL, NULL),
(229, NULL, 'Cruz Na Daan', 'Bulacan', '3', NULL, NULL),
(230, NULL, 'Candaba', 'Bulacan', '3', NULL, NULL),
(231, NULL, 'San Juan', 'Bulacan', '3', NULL, NULL),
(232, NULL, 'Morong', 'Bataan', '3', NULL, NULL),
(233, NULL, 'Orion', 'Bataan', '3', NULL, NULL),
(234, NULL, ',', 'Rizal', '4A', NULL, NULL),
(235, NULL, 'Sinait', 'Ilocos Sur', '1', NULL, NULL),
(236, NULL, 'Alaminos', 'Pangasinan', '1', NULL, NULL),
(237, NULL, 'San Pablo', 'Ilocos Norte', '1', NULL, NULL),
(238, NULL, 'Talavera', 'Nueva Ecija', '3', NULL, NULL),
(239, NULL, 'Pagsanjan', 'Laguna', '4A', NULL, NULL),
(240, NULL, 'Cuta', 'Batangas', '4A', NULL, NULL),
(241, NULL, 'Tiaong', 'Pangasinan', '1', NULL, NULL),
(242, NULL, 'Lupao', 'Nueva Ecija', '3', NULL, NULL),
(243, NULL, 'San Vicente', 'Tarlac', '3', NULL, NULL),
(244, NULL, 'Sto. Domingo', 'Ilocos Sur', '1', NULL, NULL),
(245, NULL, 'Tanza', 'Laguna', '4A', NULL, NULL);

-- --------------------------------------------------------

--
-- Table structure for table `locationproductrelational`
--

CREATE TABLE IF NOT EXISTS `locationproductrelational` (
  `entryId` int(11) NOT NULL AUTO_INCREMENT,
  `sellingCharacteristic` tinyint(1) NOT NULL,
  `locationId` int(11) DEFAULT NULL,
  `productId` int(11) DEFAULT NULL,
  PRIMARY KEY (`entryId`),
  KEY `IDX_9A14FF4A96D7286D` (`locationId`),
  KEY `IDX_9A14FF4A36799605` (`productId`)
) ENGINE=InnoDB  DEFAULT CHARSET=utf8 COLLATE=utf8_unicode_ci AUTO_INCREMENT=921 ;

--
-- Dumping data for table `locationproductrelational`
--

INSERT INTO `locationproductrelational` (`entryId`, `sellingCharacteristic`, `locationId`, `productId`) VALUES
(1, 0, 17, 1),
(2, 0, 28, 1),
(3, 0, 24, 1),
(4, 0, 25, 1),
(5, 0, 43, 1),
(6, 0, 216, 1),
(7, 0, 92, 1),
(8, 0, 83, 1),
(9, 0, 85, 1),
(10, 0, 90, 1),
(11, 0, 217, 1),
(12, 0, 49, 1),
(13, 0, 218, 1),
(14, 0, 65, 1),
(15, 0, 93, 1),
(16, 0, 73, 1),
(17, 0, 220, 1),
(18, 0, 222, 1),
(19, 0, 102, 1),
(20, 0, 112, 1),
(21, 0, 109, 1),
(22, 0, 107, 1),
(23, 0, 105, 1),
(24, 0, 113, 1),
(25, 0, 226, 1),
(26, 0, 227, 1),
(27, 0, 116, 1),
(28, 0, 115, 1),
(29, 0, 119, 1),
(30, 0, 141, 1),
(31, 0, 228, 1),
(32, 0, 159, 1),
(33, 0, 136, 1),
(34, 0, 229, 1),
(35, 0, 230, 1),
(36, 0, 231, 1),
(37, 0, 122, 1),
(38, 0, 123, 1),
(39, 0, 232, 1),
(40, 0, 233, 1),
(41, 0, 192, 1),
(42, 0, 201, 1),
(43, 0, 234, 1),
(44, 1, 4, 1),
(45, 1, 235, 1),
(46, 1, 31, 1),
(47, 1, 32, 1),
(48, 1, 111, 1),
(49, 1, 4, 2),
(50, 1, 31, 2),
(51, 1, 32, 2),
(52, 1, 236, 2),
(53, 1, 218, 2),
(54, 1, 217, 2),
(55, 1, 93, 2),
(56, 1, 225, 2),
(57, 1, 226, 2),
(58, 1, 223, 2),
(59, 1, 109, 2),
(60, 1, 116, 2),
(61, 1, 159, 2),
(62, 1, 230, 2),
(63, 1, 134, 2),
(64, 1, 179, 2),
(65, 1, 232, 2),
(66, 1, 234, 2),
(67, 0, 7, 2),
(68, 0, 17, 2),
(69, 0, 237, 2),
(70, 0, 16, 2),
(71, 0, 28, 2),
(72, 0, 24, 2),
(73, 0, 25, 2),
(74, 0, 45, 2),
(75, 0, 54, 2),
(76, 0, 91, 2),
(77, 0, 56, 2),
(78, 0, 65, 2),
(79, 0, 66, 2),
(80, 0, 85, 2),
(81, 0, 90, 2),
(82, 0, 224, 2),
(83, 0, 111, 2),
(84, 0, 112, 2),
(85, 0, 107, 2),
(86, 0, 105, 2),
(87, 0, 113, 2),
(88, 0, 115, 2),
(89, 0, 141, 2),
(90, 0, 143, 2),
(91, 0, 238, 2),
(92, 0, 162, 2),
(93, 0, 154, 2),
(94, 0, 136, 2),
(95, 0, 229, 2),
(96, 0, 231, 2),
(97, 0, 122, 2),
(98, 0, 123, 2),
(99, 0, 233, 2),
(100, 0, 195, 2),
(101, 0, 199, 2),
(102, 0, 192, 2),
(103, 0, 201, 2),
(104, 0, 240, 2),
(105, 0, 173, 2),
(106, 0, 175, 2),
(107, 0, 178, 2),
(108, 0, 180, 2),
(109, 0, 7, 3),
(110, 0, 17, 3),
(111, 0, 1, 3),
(112, 0, 4, 3),
(113, 0, 16, 3),
(114, 0, 43, 3),
(115, 0, 39, 3),
(116, 0, 45, 3),
(117, 0, 54, 3),
(118, 0, 91, 3),
(119, 0, 66, 3),
(120, 0, 56, 3),
(121, 0, 65, 3),
(122, 0, 93, 3),
(123, 0, 236, 3),
(124, 0, 241, 3),
(125, 0, 216, 3),
(126, 0, 219, 3),
(127, 0, 92, 3),
(128, 0, 83, 3),
(129, 0, 85, 3),
(130, 0, 90, 3),
(131, 0, 227, 3),
(132, 0, 222, 3),
(133, 0, 223, 3),
(134, 0, 224, 3),
(135, 0, 225, 3),
(136, 0, 226, 3),
(137, 0, 102, 3),
(138, 0, 111, 3),
(139, 0, 112, 3),
(140, 0, 107, 3),
(141, 0, 113, 3),
(142, 0, 109, 3),
(143, 0, 105, 3),
(144, 0, 116, 3),
(145, 0, 115, 3),
(146, 0, 119, 3),
(147, 0, 141, 3),
(148, 0, 143, 3),
(149, 0, 228, 3),
(150, 0, 242, 3),
(151, 0, 148, 3),
(152, 0, 159, 3),
(153, 0, 162, 3),
(154, 0, 154, 3),
(155, 0, 136, 3),
(156, 0, 134, 3),
(157, 0, 231, 3),
(158, 0, 122, 3),
(159, 0, 243, 3),
(160, 0, 123, 3),
(161, 0, 233, 3),
(162, 0, 232, 3),
(163, 0, 234, 3),
(164, 0, 192, 3),
(165, 0, 201, 3),
(166, 0, 239, 3),
(167, 0, 199, 3),
(168, 0, 240, 3),
(169, 0, 173, 3),
(170, 0, 175, 3),
(171, 0, 178, 3),
(172, 0, 180, 3),
(173, 1, 31, 3),
(174, 1, 238, 3),
(175, 1, 230, 3),
(176, 1, 236, 4),
(177, 1, 217, 4),
(178, 0, 7, 4),
(179, 0, 17, 4),
(180, 0, 1, 4),
(181, 0, 237, 4),
(182, 0, 16, 4),
(183, 0, 28, 4),
(184, 0, 235, 4),
(185, 0, 244, 4),
(186, 0, 43, 4),
(187, 0, 31, 4),
(188, 0, 39, 4),
(189, 0, 45, 4),
(190, 0, 32, 4),
(191, 0, 92, 4),
(192, 0, 83, 4),
(193, 0, 93, 4),
(194, 0, 220, 4),
(195, 0, 73, 4),
(196, 0, 54, 4),
(197, 0, 91, 4),
(198, 0, 66, 4),
(199, 0, 225, 4),
(200, 0, 224, 4),
(201, 0, 226, 4),
(202, 0, 227, 4),
(203, 0, 222, 4),
(204, 0, 223, 4),
(205, 0, 107, 4),
(206, 0, 102, 4),
(207, 0, 111, 4),
(208, 0, 116, 4),
(209, 0, 115, 4),
(210, 0, 119, 4),
(211, 0, 148, 4),
(212, 0, 242, 4),
(213, 0, 141, 4),
(214, 0, 143, 4),
(215, 0, 228, 4),
(216, 0, 159, 4),
(217, 0, 154, 4),
(218, 0, 162, 4),
(219, 0, 229, 4),
(220, 0, 231, 4),
(221, 0, 136, 4),
(222, 0, 123, 4),
(223, 0, 232, 4),
(224, 0, 233, 4),
(225, 0, 234, 4),
(226, 0, 195, 4),
(227, 0, 199, 4),
(228, 0, 192, 4),
(229, 0, 201, 4),
(230, 0, 173, 4),
(231, 0, 175, 4),
(232, 0, 178, 4),
(233, 0, 179, 4),
(234, 0, 7, 5),
(235, 0, 17, 5),
(236, 0, 1, 5),
(237, 0, 235, 5),
(238, 0, 244, 5),
(239, 0, 216, 5),
(240, 0, 92, 5),
(241, 0, 83, 5),
(242, 0, 90, 5),
(243, 0, 115, 5),
(244, 0, 228, 5),
(245, 0, 189, 5),
(246, 0, 245, 5),
(247, 0, 240, 5),
(248, 0, 173, 5),
(249, 1, 4, 5),
(250, 1, 16, 5),
(251, 1, 28, 5),
(252, 1, 43, 5),
(253, 1, 31, 5),
(254, 1, 39, 5),
(255, 1, 45, 5),
(256, 1, 32, 5),
(257, 1, 91, 5),
(258, 1, 66, 5),
(259, 1, 219, 5),
(260, 1, 236, 5),
(261, 1, 217, 5),
(262, 1, 218, 5),
(263, 1, 241, 5),
(264, 1, 73, 5),
(265, 1, 49, 5),
(266, 1, 56, 5),
(267, 1, 65, 5),
(268, 1, 225, 5),
(269, 1, 224, 5),
(270, 1, 226, 5),
(271, 1, 227, 5),
(272, 1, 222, 5),
(273, 1, 223, 5),
(274, 1, 102, 5),
(275, 1, 111, 5),
(276, 1, 112, 5),
(277, 1, 107, 5),
(278, 1, 113, 5),
(279, 1, 109, 5),
(280, 1, 106, 5),
(281, 1, 116, 5),
(282, 1, 119, 5),
(283, 1, 148, 5),
(284, 1, 238, 5),
(285, 1, 141, 5),
(286, 1, 143, 5),
(287, 1, 159, 5),
(288, 1, 162, 5),
(289, 1, 154, 5),
(290, 1, 133, 5),
(291, 1, 126, 5),
(292, 1, 230, 5),
(293, 1, 229, 5),
(294, 1, 134, 5),
(295, 1, 136, 5),
(296, 1, 122, 5),
(297, 1, 123, 5),
(298, 1, 232, 5),
(299, 1, 233, 5),
(300, 1, 234, 5),
(301, 1, 184, 5),
(302, 1, 195, 5),
(303, 1, 199, 5),
(304, 1, 192, 5),
(305, 1, 201, 5),
(306, 1, 239, 5),
(307, 1, 175, 5),
(308, 1, 178, 5),
(309, 1, 179, 5),
(310, 1, 174, 5),
(311, 1, 180, 5),
(312, 1, 7, 6),
(313, 1, 17, 6),
(314, 1, 4, 6),
(315, 1, 16, 6),
(316, 1, 28, 6),
(317, 1, 43, 6),
(318, 1, 31, 6),
(319, 1, 39, 6),
(320, 1, 92, 6),
(321, 1, 83, 6),
(322, 1, 85, 6),
(323, 1, 90, 6),
(324, 1, 73, 6),
(325, 1, 54, 6),
(326, 1, 91, 6),
(327, 1, 236, 6),
(328, 1, 217, 6),
(329, 1, 218, 6),
(330, 1, 241, 6),
(331, 1, 56, 6),
(332, 1, 226, 6),
(333, 1, 227, 6),
(334, 1, 222, 6),
(335, 1, 223, 6),
(336, 1, 102, 6),
(337, 1, 111, 6),
(338, 1, 112, 6),
(339, 1, 107, 6),
(340, 1, 113, 6),
(341, 1, 109, 6),
(342, 1, 105, 6),
(343, 1, 148, 6),
(344, 1, 228, 6),
(345, 1, 159, 6),
(346, 1, 162, 6),
(347, 1, 154, 6),
(348, 1, 133, 6),
(349, 1, 230, 6),
(350, 1, 229, 6),
(351, 1, 134, 6),
(352, 1, 122, 6),
(353, 1, 123, 6),
(354, 1, 232, 6),
(355, 1, 233, 6),
(356, 1, 234, 6),
(357, 1, 189, 6),
(358, 1, 199, 6),
(359, 1, 192, 6),
(360, 1, 239, 6),
(361, 1, 175, 6),
(362, 1, 178, 6),
(363, 1, 179, 6),
(364, 1, 180, 6),
(365, 1, 240, 6),
(366, 1, 173, 6),
(367, 0, 1, 6),
(368, 0, 235, 6),
(369, 0, 244, 6),
(370, 0, 32, 6),
(371, 0, 93, 6),
(372, 0, 220, 6),
(373, 0, 66, 6),
(374, 0, 49, 6),
(375, 0, 65, 6),
(376, 0, 225, 6),
(377, 0, 224, 6),
(378, 0, 116, 6),
(379, 0, 119, 6),
(380, 0, 141, 6),
(381, 0, 143, 6),
(382, 0, 136, 6),
(383, 0, 184, 6),
(384, 0, 1, 9),
(385, 0, 16, 9),
(386, 0, 28, 9),
(387, 0, 235, 9),
(388, 0, 244, 9),
(389, 0, 39, 9),
(390, 0, 45, 9),
(391, 0, 32, 9),
(392, 0, 90, 9),
(393, 0, 93, 9),
(394, 0, 220, 9),
(395, 0, 241, 9),
(396, 0, 218, 9),
(397, 0, 73, 9),
(398, 0, 49, 9),
(399, 0, 65, 9),
(400, 0, 224, 9),
(401, 0, 227, 9),
(402, 0, 222, 9),
(403, 0, 113, 9),
(404, 0, 109, 9),
(405, 0, 111, 9),
(406, 0, 116, 9),
(407, 0, 119, 9),
(408, 0, 148, 9),
(409, 0, 242, 9),
(410, 0, 238, 9),
(411, 0, 141, 9),
(412, 0, 234, 9),
(413, 0, 180, 9),
(414, 1, 7, 9),
(415, 1, 17, 9),
(416, 1, 4, 9),
(417, 1, 43, 9),
(418, 1, 31, 9),
(419, 1, 85, 9),
(420, 1, 54, 9),
(421, 1, 91, 9),
(422, 1, 66, 9),
(423, 1, 219, 9),
(424, 1, 236, 9),
(425, 1, 217, 9),
(426, 1, 56, 9),
(427, 1, 225, 9),
(428, 1, 226, 9),
(429, 1, 223, 9),
(430, 1, 102, 9),
(431, 1, 107, 9),
(432, 1, 143, 9),
(433, 1, 228, 9),
(434, 1, 159, 9),
(435, 1, 162, 9),
(436, 1, 154, 9),
(437, 1, 125, 9),
(438, 1, 230, 9),
(439, 1, 229, 9),
(440, 1, 136, 9),
(441, 1, 231, 9),
(442, 1, 122, 9),
(443, 1, 123, 9),
(444, 1, 232, 9),
(445, 1, 233, 9),
(446, 1, 184, 9),
(447, 1, 195, 9),
(448, 1, 199, 9),
(449, 1, 239, 9),
(450, 1, 205, 9),
(451, 1, 175, 9),
(452, 1, 178, 9),
(453, 1, 179, 9),
(454, 1, 240, 9),
(455, 1, 173, 9),
(456, 1, 174, 9),
(457, 1, 17, 10),
(458, 1, 16, 10),
(459, 1, 28, 10),
(460, 1, 43, 10),
(461, 1, 31, 10),
(462, 1, 39, 10),
(463, 1, 32, 10),
(464, 1, 85, 10),
(465, 1, 54, 10),
(466, 1, 91, 10),
(467, 1, 236, 10),
(468, 1, 224, 10),
(469, 1, 225, 10),
(470, 1, 227, 10),
(471, 1, 222, 10),
(472, 1, 223, 10),
(473, 1, 102, 10),
(474, 1, 111, 10),
(475, 1, 159, 10),
(476, 1, 162, 10),
(477, 1, 154, 10),
(478, 1, 230, 10),
(479, 1, 233, 10),
(480, 1, 122, 10),
(481, 1, 123, 10),
(482, 1, 234, 10),
(483, 1, 199, 10),
(484, 1, 192, 10),
(485, 1, 239, 10),
(486, 1, 173, 10),
(487, 1, 174, 10),
(488, 1, 175, 10),
(489, 1, 180, 10),
(490, 0, 7, 10),
(491, 0, 1, 10),
(492, 0, 237, 10),
(493, 0, 92, 10),
(495, 0, 93, 10),
(496, 0, 220, 10),
(497, 0, 73, 10),
(498, 0, 66, 10),
(499, 0, 217, 10),
(500, 0, 49, 10),
(501, 0, 65, 10),
(502, 0, 56, 10),
(503, 0, 226, 10),
(504, 0, 112, 10),
(505, 0, 107, 10),
(506, 0, 113, 10),
(507, 0, 109, 10),
(508, 0, 105, 10),
(509, 0, 116, 10),
(510, 0, 115, 10),
(511, 0, 119, 10),
(512, 0, 141, 10),
(513, 0, 228, 10),
(514, 0, 229, 10),
(515, 0, 134, 10),
(516, 0, 136, 10),
(517, 0, 231, 10),
(518, 0, 232, 10),
(519, 0, 189, 10),
(520, 0, 201, 10),
(521, 0, 240, 10),
(522, 0, 7, 11),
(523, 0, 17, 11),
(524, 0, 1, 11),
(525, 0, 28, 11),
(526, 0, 235, 11),
(527, 0, 244, 11),
(528, 0, 39, 11),
(529, 0, 216, 11),
(530, 0, 92, 11),
(531, 0, 83, 11),
(532, 0, 85, 11),
(533, 0, 90, 11),
(534, 0, 93, 11),
(535, 0, 220, 11),
(536, 0, 73, 11),
(537, 0, 54, 11),
(538, 0, 91, 11),
(539, 0, 66, 11),
(540, 0, 218, 11),
(541, 0, 49, 11),
(542, 0, 65, 11),
(543, 0, 56, 11),
(544, 0, 224, 11),
(545, 0, 225, 11),
(546, 0, 226, 11),
(547, 0, 227, 11),
(548, 0, 222, 11),
(549, 0, 223, 11),
(550, 0, 102, 11),
(551, 0, 112, 11),
(552, 0, 111, 11),
(553, 0, 119, 11),
(554, 0, 148, 11),
(555, 0, 242, 11),
(556, 0, 238, 11),
(557, 0, 230, 11),
(558, 0, 229, 11),
(559, 0, 136, 11),
(560, 0, 231, 11),
(561, 0, 232, 11),
(562, 0, 234, 11),
(563, 0, 189, 11),
(564, 0, 195, 11),
(565, 0, 205, 11),
(566, 0, 192, 11),
(567, 0, 239, 11),
(568, 0, 240, 11),
(569, 0, 173, 11),
(570, 0, 174, 11),
(571, 0, 178, 11),
(572, 0, 180, 11),
(573, 1, 4, 11),
(574, 1, 16, 11),
(575, 1, 43, 11),
(576, 1, 45, 11),
(577, 1, 219, 11),
(578, 1, 107, 11),
(579, 1, 113, 11),
(580, 1, 109, 11),
(581, 1, 105, 11),
(582, 1, 116, 11),
(583, 1, 141, 11),
(584, 1, 159, 11),
(585, 1, 162, 11),
(586, 1, 154, 11),
(587, 1, 133, 11),
(588, 1, 126, 11),
(589, 1, 134, 11),
(590, 1, 233, 11),
(591, 1, 199, 11),
(592, 1, 201, 11),
(593, 1, 179, 11),
(594, 1, 7, 12),
(595, 1, 1, 12),
(596, 1, 28, 12),
(597, 1, 43, 12),
(598, 1, 45, 12),
(599, 1, 83, 12),
(600, 1, 93, 12),
(601, 1, 236, 12),
(602, 1, 224, 12),
(603, 1, 226, 12),
(604, 1, 102, 12),
(605, 1, 111, 12),
(606, 1, 107, 12),
(607, 1, 113, 12),
(608, 1, 109, 12),
(609, 1, 105, 12),
(610, 1, 115, 12),
(611, 1, 119, 12),
(612, 1, 141, 12),
(613, 1, 143, 12),
(614, 1, 228, 12),
(615, 1, 159, 12),
(616, 1, 162, 12),
(617, 1, 154, 12),
(618, 1, 126, 12),
(619, 1, 230, 12),
(620, 1, 229, 12),
(621, 1, 134, 12),
(622, 1, 136, 12),
(623, 1, 231, 12),
(624, 1, 123, 12),
(625, 1, 234, 12),
(626, 1, 195, 12),
(627, 1, 205, 12),
(628, 1, 201, 12),
(629, 1, 239, 12),
(630, 1, 240, 12),
(631, 1, 175, 12),
(632, 0, 17, 12),
(633, 0, 16, 12),
(634, 0, 235, 12),
(635, 0, 244, 12),
(636, 0, 39, 12),
(637, 0, 32, 12),
(638, 0, 216, 12),
(639, 0, 92, 12),
(640, 0, 85, 12),
(641, 0, 90, 12),
(642, 0, 220, 12),
(643, 0, 73, 12),
(644, 0, 219, 12),
(645, 0, 218, 12),
(646, 0, 241, 12),
(647, 0, 49, 12),
(648, 0, 65, 12),
(649, 0, 225, 12),
(650, 0, 227, 12),
(651, 0, 222, 12),
(652, 0, 223, 12),
(653, 0, 112, 12),
(654, 0, 148, 12),
(655, 0, 242, 12),
(656, 0, 238, 12),
(657, 0, 189, 12),
(658, 0, 184, 12),
(659, 0, 199, 12),
(660, 0, 192, 12),
(661, 0, 173, 12),
(662, 0, 174, 12),
(663, 0, 178, 12),
(664, 0, 180, 12),
(665, 0, 179, 12),
(666, 1, 7, 13),
(667, 1, 83, 13),
(668, 1, 73, 13),
(669, 1, 91, 13),
(670, 1, 66, 13),
(671, 1, 217, 13),
(672, 1, 225, 13),
(673, 1, 222, 13),
(674, 1, 223, 13),
(675, 1, 102, 13),
(676, 1, 162, 13),
(677, 1, 125, 13),
(678, 1, 195, 13),
(679, 1, 199, 13),
(680, 1, 192, 13),
(681, 1, 175, 13),
(682, 1, 174, 13),
(683, 1, 173, 13),
(684, 0, 17, 13),
(685, 0, 1, 13),
(686, 0, 237, 13),
(687, 0, 28, 13),
(688, 0, 235, 13),
(689, 0, 43, 13),
(690, 0, 39, 13),
(691, 0, 45, 13),
(692, 0, 32, 13),
(693, 0, 216, 13),
(694, 0, 92, 13),
(695, 0, 85, 13),
(696, 0, 90, 13),
(697, 0, 93, 13),
(698, 0, 220, 13),
(699, 0, 54, 13),
(700, 0, 218, 13),
(701, 0, 49, 13),
(702, 0, 65, 13),
(703, 0, 56, 13),
(704, 0, 224, 13),
(705, 0, 227, 13),
(706, 0, 113, 13),
(707, 0, 115, 13),
(708, 0, 119, 13),
(709, 0, 242, 13),
(710, 0, 238, 13),
(711, 0, 143, 13),
(712, 0, 228, 13),
(713, 0, 159, 13),
(714, 0, 230, 13),
(715, 0, 229, 13),
(716, 0, 136, 13),
(717, 0, 231, 13),
(718, 0, 234, 13),
(719, 0, 184, 13),
(720, 0, 239, 13),
(721, 0, 180, 13),
(722, 0, 179, 13),
(723, 0, 240, 13),
(724, 0, 219, 1),
(725, 0, 223, 1),
(726, 0, 224, 1),
(727, 0, 225, 1),
(728, 0, 239, 2),
(729, 0, 90, 10),
(730, 0, 32, 11),
(731, 1, 4, 7),
(732, 1, 16, 7),
(733, 1, 237, 7),
(734, 1, 24, 7),
(735, 1, 235, 7),
(736, 1, 31, 7),
(737, 1, 39, 7),
(738, 1, 45, 7),
(739, 1, 92, 7),
(740, 1, 85, 7),
(741, 1, 93, 7),
(742, 1, 73, 7),
(743, 1, 217, 7),
(744, 1, 218, 7),
(745, 1, 56, 7),
(746, 1, 224, 7),
(747, 1, 226, 7),
(748, 1, 112, 7),
(749, 1, 107, 7),
(750, 1, 109, 7),
(751, 1, 105, 7),
(752, 1, 141, 7),
(753, 1, 143, 7),
(754, 1, 228, 7),
(755, 1, 126, 7),
(756, 1, 234, 7),
(757, 1, 49, 7),
(758, 1, 90, 7),
(759, 1, 65, 7),
(760, 1, 116, 7),
(761, 1, 148, 7),
(762, 1, 242, 7),
(763, 1, 159, 7),
(764, 1, 230, 7),
(765, 1, 229, 7),
(766, 1, 134, 7),
(767, 1, 136, 7),
(768, 1, 231, 7),
(769, 1, 195, 7),
(770, 1, 239, 7),
(771, 1, 178, 7),
(772, 1, 179, 7),
(773, 1, 180, 7),
(774, 1, 173, 7),
(775, 0, 28, 7),
(776, 0, 25, 7),
(777, 0, 244, 7),
(778, 0, 43, 7),
(779, 0, 32, 7),
(780, 0, 216, 7),
(781, 0, 83, 7),
(783, 0, 54, 7),
(784, 0, 91, 7),
(785, 0, 66, 7),
(786, 0, 236, 7),
(787, 0, 241, 7),
(788, 0, 225, 7),
(789, 0, 222, 7),
(790, 0, 223, 7),
(791, 0, 227, 7),
(792, 0, 154, 7),
(793, 0, 162, 7),
(794, 0, 122, 7),
(795, 0, 123, 7),
(796, 0, 232, 7),
(797, 0, 233, 7),
(798, 0, 184, 7),
(799, 0, 199, 7),
(800, 1, 4, 14),
(801, 1, 237, 14),
(802, 1, 39, 14),
(803, 1, 85, 14),
(804, 1, 90, 14),
(805, 1, 242, 14),
(806, 1, 230, 14),
(807, 1, 229, 14),
(808, 1, 231, 14),
(809, 1, 136, 14),
(810, 0, 16, 14),
(811, 0, 28, 14),
(812, 0, 24, 14),
(813, 0, 25, 14),
(814, 0, 244, 14),
(815, 0, 216, 14),
(816, 0, 92, 14),
(817, 0, 83, 14),
(818, 0, 225, 14),
(819, 0, 159, 14),
(820, 0, 134, 14),
(821, 1, 7, 15),
(822, 1, 17, 15),
(823, 1, 4, 15),
(824, 1, 237, 15),
(825, 1, 39, 15),
(826, 1, 85, 15),
(827, 1, 90, 15),
(828, 1, 148, 15),
(829, 1, 242, 15),
(830, 1, 238, 15),
(831, 1, 230, 15),
(832, 1, 229, 15),
(833, 0, 1, 15),
(834, 0, 16, 15),
(835, 0, 28, 15),
(836, 0, 24, 15),
(837, 0, 25, 15),
(838, 0, 244, 15),
(839, 0, 216, 15),
(840, 0, 92, 15),
(841, 0, 83, 15),
(842, 0, 225, 15),
(843, 0, 159, 15),
(844, 0, 134, 15),
(845, 0, 1, 8),
(846, 0, 244, 8),
(847, 0, 216, 8),
(848, 0, 92, 8),
(849, 0, 83, 8),
(850, 0, 54, 8),
(851, 0, 91, 8),
(852, 0, 66, 8),
(853, 0, 225, 8),
(854, 0, 154, 8),
(855, 0, 162, 8),
(856, 0, 134, 8),
(857, 0, 122, 8),
(858, 0, 184, 8),
(859, 1, 7, 8),
(860, 1, 17, 8),
(861, 1, 4, 8),
(862, 1, 16, 8),
(863, 1, 237, 8),
(864, 1, 28, 8),
(865, 1, 24, 8),
(866, 1, 25, 8),
(867, 1, 235, 8),
(868, 1, 31, 8),
(869, 1, 43, 8),
(870, 1, 39, 8),
(871, 1, 45, 8),
(872, 1, 32, 8),
(873, 1, 85, 8),
(874, 1, 89, 8),
(875, 1, 93, 8),
(876, 1, 220, 8),
(877, 1, 73, 8),
(878, 1, 236, 8),
(879, 1, 218, 8),
(880, 1, 241, 8),
(881, 1, 49, 8),
(882, 1, 56, 8),
(883, 1, 65, 8),
(884, 1, 224, 8),
(885, 1, 226, 8),
(886, 1, 222, 8),
(887, 1, 223, 8),
(888, 1, 221, 8),
(889, 1, 102, 8),
(890, 1, 111, 8),
(891, 1, 112, 8),
(892, 1, 107, 8),
(893, 1, 109, 8),
(894, 1, 106, 8),
(895, 1, 116, 8),
(896, 1, 115, 8),
(897, 1, 141, 8),
(898, 1, 143, 8),
(899, 1, 228, 8),
(901, 1, 159, 8),
(902, 1, 126, 8),
(903, 1, 230, 8),
(904, 1, 229, 8),
(905, 1, 136, 8),
(906, 1, 231, 8),
(907, 1, 123, 8),
(908, 1, 232, 8),
(909, 1, 233, 8),
(910, 1, 234, 8),
(911, 1, 195, 8),
(912, 1, 199, 8),
(913, 1, 201, 8),
(914, 1, 175, 8),
(915, 1, 178, 8),
(916, 1, 179, 8),
(917, 1, 180, 8),
(918, 1, 240, 8),
(919, 1, 173, 8),
(920, 1, 174, 8);

-- --------------------------------------------------------

--
-- Table structure for table `otherrealocprodrelational`
--

CREATE TABLE IF NOT EXISTS `otherrealocprodrelational` (
  `entryId` int(11) NOT NULL AUTO_INCREMENT,
  `locationProductId` int(11) DEFAULT NULL,
  `otherReasonName` longtext COLLATE utf8_unicode_ci NOT NULL,
  PRIMARY KEY (`entryId`),
  KEY `IDX_8947F0974B1D7324` (`locationProductId`)
) ENGINE=InnoDB  DEFAULT CHARSET=utf8 COLLATE=utf8_unicode_ci AUTO_INCREMENT=64 ;

--
-- Dumping data for table `otherrealocprodrelational`
--

INSERT INTO `otherrealocprodrelational` (`entryId`, `locationProductId`, `otherReasonName`) VALUES
(1, 111, 'Less Endorsed / Marketed'),
(2, 2, 'Product Is Sold By Season'),
(3, 5, 'They Prefer Agri Glyphosate'),
(4, 12, 'Less Endorsed / Marketed'),
(5, 15, 'Less Preferred'),
(6, 16, 'Since Others Are More'),
(7, 724, 'Proven Effective'),
(8, 30, 'Costumers Prefer'),
(9, 31, 'Liquid Agri Products'),
(10, 37, 'Sugar Canes Are Not Planted In The Are'),
(11, 38, 'Sugar Canes Are Not Planted In The Are'),
(12, 39, 'Sugar Canes Are Not Planted In The Are'),
(13, 40, 'Sugar Canes Are Not Planted In The Are'),
(14, 53, 'Very Effective When Used On Papaya'),
(15, 55, 'Mango Season'),
(16, 64, 'Effective As Systemic Fungicide'),
(17, 67, 'Less Endorsed / Marketed'),
(18, 68, 'Less Endorsed / Marketed'),
(20, 73, 'Product Is Sold By Season'),
(21, 74, 'Farmers Prefer Products They Are Used To'),
(22, 93, 'Farmers Prefer Liquid Agri Products'),
(23, 99, 'Farmers Prefer Products That Come In Larger Packages'),
(24, 108, 'Ricefields Are Not Common In The Area'),
(25, 109, 'Less Endorsed / Marketed'),
(26, 110, 'Less Endorsed / Marketed'),
(27, 111, 'Less Endorsed / Marketed'),
(28, 148, 'Costumers Prefer Branded Products Since There Is Only A Small Price Difference Between Them'),
(29, 149, 'Costumers Prefer Branded Products Since There Is Only A Small Price Difference Between Them'),
(30, 150, 'Costumers Prefer Branded Products Since There Is Only A Small Price Difference Between Them'),
(31, 151, 'Costumers Prefer Branded Products Since There Is Only A Small Price Difference Between Them'),
(32, 155, 'Powder Clogs Hole In The Spray'),
(33, 101, 'Farmers Prefer Larger Packages In Order To Save Expenses (1 Kilo)'),
(34, 176, 'Used As Insect Killer In Poultries'),
(35, 177, 'Used As Insect Killer In Poultries'),
(36, 178, 'Less Marketed / Endorsed'),
(37, 181, 'Costumers Prefer Products That Come In Smaller Packages'),
(38, 182, 'Costumers Prefer Products That Come In Smaller Packages'),
(39, 183, 'Product Is Sold By Season'),
(40, 213, 'Farmers Prefer Smaller Packaging-1kg'),
(41, 234, 'Less Marketed / Endorsed'),
(42, 259, 'Similar With Branded Products (supercartap)'),
(43, 265, 'Mango Season'),
(44, 366, 'Safe To Use'),
(45, 375, 'Costumers Are Hesitant To Try It'),
(46, 423, 'Similar With Branded Products'),
(47, 424, 'Sold As Alternative To "karate'),
(48, 388, 'Costumers Prefer Products That Come In Smaller Packages'),
(49, 391, 'Customers Usually Use Other Brands With Lambdacyhalotrin'),
(50, 411, 'Similar With Branded Products  Yet Has Small Price Difference'),
(51, 413, 'Rice Fields Are Not Common In The Area'),
(52, 490, 'Less Marketed / Endorsed'),
(53, 577, 'Similar With Branded Products'),
(54, 522, 'Less Marketed / Endorsed'),
(55, 523, 'Less Marketed / Endorsed'),
(56, 491, 'Less Marketed / Endorsed'),
(57, 636, 'Costumers Prefer Products That Come In Smaller Packages'),
(58, 612, 'Powder Is More Preferred Than Liquid'),
(59, 657, 'For Rainy Season'),
(60, 663, 'Rice Fields Are Not Common In The Area'),
(61, 690, 'Costumers Prefer Products That Come In Smaller Packages'),
(62, 711, 'Similar With Branded Products Yet Small Price Difference'),
(63, 721, 'Rice Fields Are Not Common In The Area');

-- --------------------------------------------------------

--
-- Table structure for table `otherreason`
--

CREATE TABLE IF NOT EXISTS `otherreason` (
  `otherReasonId` int(11) NOT NULL AUTO_INCREMENT,
  `otherReasonName` longtext COLLATE utf8_unicode_ci NOT NULL,
  PRIMARY KEY (`otherReasonId`)
) ENGINE=InnoDB DEFAULT CHARSET=utf8 COLLATE=utf8_unicode_ci AUTO_INCREMENT=1 ;

-- --------------------------------------------------------

--
-- Table structure for table `product`
--

CREATE TABLE IF NOT EXISTS `product` (
  `productId` int(11) NOT NULL AUTO_INCREMENT,
  `productName` longtext COLLATE utf8_unicode_ci NOT NULL,
  PRIMARY KEY (`productId`)
) ENGINE=InnoDB  DEFAULT CHARSET=utf8 COLLATE=utf8_unicode_ci AUTO_INCREMENT=16 ;

--
-- Dumping data for table `product`
--

INSERT INTO `product` (`productId`, `productName`) VALUES
(1, 'Agri Atrazine'),
(2, 'Agri Benomyl'),
(3, 'Agri Carbendazim'),
(4, 'Agri Carbofuran'),
(5, 'Agri Cartap'),
(6, 'Agri Cyper'),
(7, 'Agri Glyphosate 160 Sl 1 Liter'),
(8, 'Agri Glyphosate 480 Sl 1 Liter'),
(9, 'Agri Lambda'),
(10, 'Agri Mancozeb'),
(11, 'Agri Methomyl'),
(12, 'Agri Niclosamide'),
(13, 'Agri Prefenofos'),
(14, 'Agri Glyphosate 160 Sl 1 Gallon'),
(15, 'Agri Glyphosate 480 Sl 1 Gallon');

-- --------------------------------------------------------

--
-- Table structure for table `profile`
--

CREATE TABLE IF NOT EXISTS `profile` (
  `profileId` int(11) NOT NULL AUTO_INCREMENT,
  `Name` longtext COLLATE utf8_unicode_ci NOT NULL,
  `Barangay` longtext COLLATE utf8_unicode_ci NOT NULL,
  `City` longtext COLLATE utf8_unicode_ci NOT NULL,
  `Province` longtext COLLATE utf8_unicode_ci NOT NULL,
  `Region` longtext COLLATE utf8_unicode_ci NOT NULL,
  PRIMARY KEY (`profileId`)
) ENGINE=InnoDB DEFAULT CHARSET=utf8 COLLATE=utf8_unicode_ci AUTO_INCREMENT=1 ;

-- --------------------------------------------------------

--
-- Table structure for table `realocprodrelational`
--

CREATE TABLE IF NOT EXISTS `realocprodrelational` (
  `entryId` int(11) NOT NULL AUTO_INCREMENT,
  `reasonId` int(11) DEFAULT NULL,
  `locationProductId` int(11) DEFAULT NULL,
  PRIMARY KEY (`entryId`),
  KEY `IDX_3A8B1F2C656B3C54` (`reasonId`),
  KEY `IDX_3A8B1F2C4B1D7324` (`locationProductId`)
) ENGINE=InnoDB  DEFAULT CHARSET=utf8 COLLATE=utf8_unicode_ci AUTO_INCREMENT=787 ;

--
-- Dumping data for table `realocprodrelational`
--

INSERT INTO `realocprodrelational` (`entryId`, `reasonId`, `locationProductId`) VALUES
(1, 2, 44),
(2, 2, 45),
(3, 2, 46),
(4, 2, 47),
(5, 2, 48),
(6, 6, 1),
(8, 6, 3),
(9, 6, 6),
(10, 6, 7),
(11, 6, 8),
(12, 6, 9),
(13, 6, 10),
(14, 6, 11),
(15, 6, 12),
(16, 4, 14),
(17, 6, 15),
(18, 6, 16),
(19, 6, 724),
(20, 6, 17),
(21, 6, 26),
(22, 6, 18),
(23, 6, 725),
(24, 6, 19),
(25, 4, 21),
(26, 6, 22),
(27, 4, 23),
(28, 4, 24),
(29, 6, 24),
(30, 6, 726),
(31, 6, 727),
(32, 6, 32),
(34, 6, 34),
(35, 6, 36),
(36, 6, 43),
(37, 6, 41),
(38, 6, 42),
(39, 2, 50),
(40, 2, 51),
(41, 2, 52),
(42, 2, 54),
(43, 1, 55),
(44, 2, 55),
(45, 2, 57),
(46, 2, 59),
(47, 2, 65),
(48, 2, 66),
(49, 6, 69),
(50, 4, 70),
(51, 6, 71),
(52, 6, 72),
(53, 4, 75),
(54, 4, 76),
(55, 6, 77),
(56, 6, 78),
(57, 4, 79),
(58, 6, 80),
(59, 6, 81),
(60, 6, 82),
(61, 6, 83),
(62, 6, 85),
(63, 4, 86),
(64, 4, 89),
(65, 4, 91),
(66, 6, 94),
(67, 6, 95),
(68, 6, 102),
(69, 6, 103),
(70, 6, 728),
(71, 5, 104),
(72, 5, 105),
(73, 5, 106),
(74, 6, 107),
(75, 2, 173),
(76, 2, 174),
(78, 3, 175),
(79, 6, 112),
(80, 4, 113),
(81, 6, 186),
(82, 6, 115),
(83, 6, 116),
(84, 4, 196),
(85, 4, 118),
(86, 4, 119),
(87, 4, 120),
(88, 6, 121),
(89, 6, 193),
(90, 6, 125),
(91, 6, 126),
(92, 6, 127),
(93, 6, 128),
(94, 6, 129),
(95, 6, 130),
(96, 6, 131),
(97, 6, 132),
(98, 6, 133),
(99, 6, 134),
(100, 6, 135),
(101, 6, 137),
(102, 6, 138),
(103, 6, 139),
(104, 6, 140),
(105, 4, 141),
(106, 6, 141),
(107, 4, 142),
(108, 4, 143),
(109, 6, 147),
(110, 6, 149),
(111, 4, 150),
(112, 4, 151),
(113, 6, 156),
(114, 6, 159),
(115, 4, 158),
(116, 4, 160),
(117, 6, 161),
(118, 6, 162),
(119, 4, 163),
(120, 6, 164),
(121, 6, 165),
(122, 6, 166),
(123, 6, 168),
(124, 5, 169),
(125, 5, 170),
(126, 6, 171),
(127, 6, 172),
(128, 6, 181),
(129, 4, 182),
(130, 6, 184),
(131, 6, 191),
(132, 6, 192),
(133, 6, 194),
(134, 6, 195),
(135, 4, 197),
(136, 6, 199),
(137, 6, 200),
(138, 6, 202),
(139, 6, 203),
(140, 6, 204),
(141, 6, 205),
(142, 6, 206),
(143, 6, 207),
(145, 4, 211),
(146, 4, 212),
(147, 6, 216),
(148, 6, 219),
(149, 6, 220),
(150, 6, 221),
(151, 6, 222),
(152, 6, 223),
(153, 6, 224),
(154, 6, 225),
(155, 6, 226),
(156, 6, 227),
(157, 6, 228),
(158, 6, 229),
(159, 4, 230),
(160, 6, 231),
(161, 4, 232),
(162, 6, 233),
(163, 6, 236),
(164, 6, 237),
(165, 6, 239),
(166, 6, 240),
(167, 6, 241),
(168, 6, 242),
(169, 6, 244),
(170, 5, 245),
(171, 6, 246),
(172, 5, 247),
(173, 5, 248),
(174, 2, 249),
(175, 2, 250),
(176, 1, 251),
(177, 2, 251),
(178, 2, 252),
(179, 2, 253),
(180, 2, 254),
(181, 3, 254),
(182, 2, 255),
(183, 2, 256),
(184, 3, 257),
(185, 3, 258),
(186, 2, 259),
(187, 1, 263),
(188, 2, 263),
(189, 1, 264),
(190, 2, 264),
(191, 1, 266),
(192, 3, 269),
(193, 3, 270),
(194, 1, 274),
(195, 2, 274),
(196, 1, 275),
(197, 2, 275),
(198, 1, 276),
(199, 2, 276),
(200, 1, 277),
(201, 2, 277),
(202, 1, 278),
(203, 2, 278),
(204, 1, 279),
(205, 2, 279),
(206, 1, 280),
(207, 2, 280),
(208, 1, 285),
(209, 2, 285),
(210, 1, 286),
(211, 2, 286),
(212, 2, 290),
(213, 2, 291),
(214, 1, 296),
(215, 2, 296),
(216, 1, 297),
(217, 2, 297),
(218, 1, 298),
(219, 2, 298),
(220, 1, 299),
(221, 2, 299),
(222, 1, 300),
(223, 2, 300),
(224, 1, 301),
(225, 2, 301),
(226, 1, 302),
(227, 2, 302),
(228, 1, 303),
(229, 2, 303),
(230, 1, 304),
(231, 2, 304),
(232, 1, 305),
(233, 2, 305),
(234, 1, 306),
(235, 2, 306),
(236, 2, 307),
(237, 2, 308),
(238, 2, 309),
(239, 1, 310),
(240, 2, 310),
(241, 1, 311),
(242, 2, 311),
(243, 2, 314),
(244, 1, 315),
(245, 2, 315),
(246, 1, 316),
(247, 2, 316),
(248, 2, 317),
(249, 2, 318),
(250, 2, 319),
(251, 3, 319),
(252, 1, 320),
(253, 2, 320),
(254, 3, 320),
(255, 1, 321),
(256, 2, 321),
(257, 3, 321),
(258, 2, 322),
(259, 3, 322),
(260, 2, 324),
(261, 2, 325),
(262, 3, 326),
(263, 3, 330),
(264, 3, 332),
(265, 1, 336),
(266, 2, 336),
(267, 1, 337),
(268, 2, 337),
(269, 1, 338),
(270, 2, 338),
(271, 1, 339),
(272, 2, 339),
(273, 1, 340),
(274, 2, 340),
(275, 1, 341),
(276, 2, 341),
(277, 1, 342),
(278, 2, 342),
(279, 1, 344),
(280, 2, 344),
(281, 2, 348),
(282, 1, 352),
(283, 2, 352),
(284, 1, 353),
(285, 2, 353),
(286, 1, 354),
(287, 2, 354),
(288, 1, 356),
(289, 2, 356),
(290, 1, 355),
(291, 2, 355),
(292, 2, 357),
(293, 1, 359),
(294, 2, 359),
(295, 1, 360),
(296, 2, 360),
(297, 1, 361),
(298, 2, 362),
(299, 3, 363),
(300, 1, 364),
(301, 2, 364),
(302, 1, 365),
(303, 6, 368),
(304, 6, 370),
(305, 6, 371),
(306, 6, 372),
(307, 4, 373),
(308, 4, 324),
(309, 4, 374),
(310, 6, 376),
(311, 6, 377),
(312, 4, 380),
(313, 4, 381),
(314, 6, 382),
(315, 6, 383),
(316, 2, 416),
(317, 2, 418),
(318, 2, 417),
(319, 2, 419),
(320, 3, 419),
(321, 2, 420),
(322, 3, 421),
(324, 2, 423),
(325, 3, 422),
(326, 2, 425),
(327, 1, 426),
(328, 2, 426),
(329, 3, 428),
(330, 2, 430),
(331, 2, 431),
(332, 2, 432),
(333, 2, 433),
(334, 2, 437),
(335, 1, 442),
(336, 2, 442),
(337, 1, 443),
(338, 2, 443),
(339, 1, 444),
(340, 2, 444),
(341, 1, 445),
(342, 2, 445),
(343, 1, 446),
(344, 2, 446),
(345, 1, 447),
(346, 2, 447),
(347, 1, 449),
(348, 2, 449),
(349, 1, 450),
(350, 2, 450),
(351, 2, 452),
(352, 1, 453),
(353, 1, 454),
(354, 2, 456),
(355, 1, 455),
(356, 2, 455),
(357, 4, 385),
(358, 4, 386),
(359, 6, 387),
(360, 6, 391),
(361, 6, 392),
(362, 6, 393),
(363, 6, 394),
(364, 6, 395),
(365, 6, 396),
(366, 6, 397),
(367, 4, 398),
(368, 4, 399),
(369, 6, 400),
(370, 6, 401),
(371, 6, 402),
(372, 4, 403),
(373, 6, 403),
(374, 4, 404),
(375, 6, 405),
(376, 4, 408),
(377, 4, 409),
(378, 4, 410),
(379, 6, 412),
(380, 2, 458),
(381, 1, 459),
(382, 2, 459),
(383, 2, 460),
(384, 2, 461),
(385, 2, 462),
(386, 3, 462),
(387, 2, 463),
(388, 2, 464),
(389, 3, 464),
(390, 2, 465),
(391, 3, 466),
(392, 3, 468),
(393, 2, 473),
(394, 2, 474),
(395, 1, 479),
(396, 2, 479),
(397, 1, 480),
(398, 2, 480),
(399, 1, 481),
(400, 2, 481),
(401, 1, 482),
(402, 2, 482),
(403, 1, 483),
(404, 2, 483),
(405, 1, 484),
(406, 2, 484),
(407, 1, 485),
(408, 2, 485),
(409, 1, 486),
(410, 1, 487),
(411, 1, 489),
(412, 1, 488),
(413, 6, 492),
(414, 6, 493),
(415, 6, 729),
(416, 6, 495),
(417, 6, 496),
(418, 6, 497),
(419, 4, 498),
(420, 1, 497),
(421, 6, 499),
(422, 4, 500),
(423, 4, 501),
(424, 6, 504),
(425, 6, 505),
(426, 4, 506),
(427, 6, 506),
(428, 4, 507),
(429, 4, 508),
(430, 6, 512),
(431, 6, 513),
(432, 6, 514),
(433, 6, 515),
(434, 6, 516),
(435, 6, 517),
(436, 6, 518),
(437, 5, 519),
(438, 6, 520),
(439, 6, 521),
(440, 1, 573),
(441, 2, 573),
(442, 1, 574),
(443, 2, 574),
(444, 2, 575),
(445, 2, 528),
(446, 3, 528),
(447, 2, 576),
(448, 2, 577),
(449, 2, 578),
(450, 2, 579),
(451, 2, 580),
(452, 2, 581),
(453, 1, 583),
(454, 2, 583),
(455, 2, 587),
(456, 2, 588),
(457, 1, 590),
(458, 2, 590),
(459, 1, 591),
(460, 2, 591),
(461, 1, 592),
(462, 2, 592),
(463, 3, 593),
(464, 6, 525),
(465, 6, 526),
(466, 6, 528),
(467, 6, 730),
(468, 6, 529),
(469, 6, 530),
(470, 6, 531),
(471, 6, 532),
(472, 6, 533),
(473, 6, 534),
(474, 6, 535),
(475, 6, 536),
(476, 4, 537),
(477, 4, 538),
(478, 4, 539),
(479, 4, 536),
(481, 6, 540),
(482, 4, 541),
(483, 4, 542),
(484, 6, 544),
(485, 6, 545),
(486, 6, 547),
(487, 6, 548),
(488, 6, 549),
(489, 6, 550),
(490, 6, 551),
(491, 6, 552),
(492, 4, 554),
(493, 4, 555),
(494, 4, 556),
(495, 6, 557),
(496, 6, 558),
(497, 6, 559),
(498, 6, 560),
(499, 6, 561),
(500, 6, 562),
(501, 5, 563),
(502, 6, 564),
(503, 6, 565),
(504, 6, 566),
(505, 6, 567),
(506, 5, 568),
(508, 5, 569),
(509, 5, 570),
(510, 6, 571),
(511, 6, 572),
(514, 1, 596),
(515, 2, 596),
(516, 2, 597),
(517, 2, 598),
(518, 1, 639),
(519, 2, 639),
(520, 3, 639),
(521, 1, 599),
(522, 2, 599),
(523, 3, 599),
(524, 1, 600),
(525, 2, 600),
(526, 3, 602),
(527, 3, 603),
(528, 2, 604),
(529, 2, 605),
(530, 2, 606),
(531, 2, 607),
(532, 2, 608),
(533, 2, 609),
(534, 1, 612),
(536, 1, 613),
(537, 1, 614),
(538, 2, 618),
(539, 1, 624),
(540, 2, 624),
(541, 2, 625),
(542, 1, 626),
(543, 2, 626),
(544, 1, 627),
(545, 2, 627),
(546, 1, 628),
(547, 2, 628),
(548, 1, 629),
(549, 2, 629),
(550, 1, 630),
(551, 2, 630),
(552, 1, 631),
(554, 5, 633),
(555, 6, 634),
(556, 6, 597),
(557, 6, 637),
(558, 6, 638),
(559, 6, 639),
(560, 6, 599),
(561, 6, 640),
(562, 4, 641),
(563, 6, 600),
(564, 6, 642),
(565, 6, 643),
(566, 6, 644),
(567, 4, 643),
(568, 6, 645),
(569, 6, 601),
(570, 6, 646),
(571, 4, 647),
(572, 4, 648),
(573, 6, 649),
(574, 6, 650),
(575, 6, 651),
(576, 6, 652),
(577, 6, 653),
(578, 4, 654),
(579, 4, 655),
(580, 4, 656),
(581, 5, 657),
(582, 6, 658),
(583, 6, 659),
(584, 6, 660),
(585, 1, 667),
(586, 2, 667),
(587, 3, 667),
(588, 2, 668),
(589, 3, 669),
(590, 3, 670),
(591, 2, 671),
(592, 3, 672),
(593, 2, 675),
(594, 2, 677),
(595, 1, 678),
(596, 2, 678),
(597, 1, 679),
(598, 2, 679),
(599, 1, 680),
(600, 2, 680),
(601, 1, 681),
(602, 1, 682),
(603, 1, 683),
(604, 6, 686),
(605, 6, 687),
(606, 6, 688),
(607, 6, 689),
(608, 6, 691),
(609, 6, 692),
(610, 6, 693),
(611, 6, 694),
(612, 6, 695),
(613, 6, 696),
(614, 6, 697),
(615, 6, 698),
(616, 4, 699),
(617, 6, 700),
(618, 4, 668),
(619, 4, 701),
(620, 4, 702),
(621, 6, 704),
(622, 6, 705),
(623, 4, 706),
(624, 6, 706),
(625, 4, 709),
(626, 4, 710),
(627, 4, 713),
(628, 6, 714),
(629, 6, 715),
(630, 6, 716),
(631, 6, 717),
(632, 6, 718),
(633, 6, 719),
(634, 6, 720),
(635, 4, 722),
(636, 6, 723),
(637, 2, 731),
(638, 2, 732),
(639, 2, 733),
(640, 1, 734),
(641, 3, 734),
(642, 2, 735),
(643, 2, 736),
(644, 2, 737),
(645, 3, 737),
(646, 2, 738),
(647, 1, 739),
(648, 2, 740),
(649, 3, 740),
(650, 1, 741),
(651, 2, 741),
(652, 2, 742),
(653, 3, 743),
(654, 1, 744),
(655, 2, 744),
(656, 3, 744),
(657, 1, 742),
(658, 3, 742),
(659, 1, 745),
(660, 3, 746),
(661, 3, 747),
(662, 2, 748),
(663, 2, 749),
(664, 2, 750),
(665, 2, 751),
(666, 1, 752),
(667, 2, 752),
(669, 1, 753),
(670, 2, 753),
(671, 1, 754),
(672, 2, 754),
(673, 2, 755),
(674, 2, 756),
(675, 1, 769),
(676, 2, 769),
(677, 1, 770),
(678, 2, 770),
(679, 2, 771),
(680, 1, 772),
(681, 1, 773),
(682, 2, 773),
(683, 1, 774),
(684, 2, 774),
(685, 6, 780),
(686, 6, 781),
(687, 4, 783),
(688, 4, 784),
(689, 4, 785),
(690, 6, 788),
(691, 6, 798),
(692, 2, 800),
(693, 2, 801),
(694, 2, 802),
(695, 3, 802),
(696, 2, 803),
(697, 3, 803),
(698, 4, 810),
(699, 6, 815),
(700, 6, 816),
(701, 6, 817),
(702, 6, 818),
(703, 2, 823),
(704, 2, 824),
(705, 2, 826),
(706, 3, 826),
(707, 2, 825),
(708, 3, 825),
(709, 4, 834),
(710, 4, 837),
(711, 6, 839),
(712, 6, 840),
(713, 6, 841),
(714, 6, 842),
(715, 6, 847),
(716, 6, 848),
(717, 6, 849),
(718, 4, 850),
(719, 4, 851),
(720, 4, 852),
(721, 6, 853),
(722, 6, 858),
(723, 2, 861),
(724, 2, 862),
(725, 1, 863),
(726, 2, 863),
(727, 1, 865),
(728, 3, 865),
(729, 1, 866),
(730, 2, 866),
(731, 3, 866),
(733, 2, 868),
(734, 2, 867),
(735, 2, 869),
(736, 2, 870),
(737, 3, 870),
(738, 2, 871),
(739, 2, 872),
(740, 2, 873),
(741, 3, 873),
(742, 1, 875),
(743, 2, 875),
(744, 1, 876),
(745, 2, 876),
(746, 2, 877),
(747, 3, 878),
(748, 3, 863),
(749, 1, 879),
(750, 2, 879),
(751, 3, 879),
(752, 1, 877),
(753, 3, 877),
(754, 1, 880),
(755, 3, 880),
(756, 1, 882),
(757, 3, 884),
(758, 3, 885),
(759, 2, 889),
(760, 2, 890),
(761, 1, 891),
(762, 2, 891),
(763, 2, 892),
(764, 2, 893),
(765, 2, 894),
(766, 1, 897),
(767, 2, 897),
(768, 1, 898),
(769, 2, 898),
(770, 1, 899),
(771, 2, 899),
(772, 2, 902),
(773, 1, 907),
(774, 2, 907),
(775, 1, 908),
(776, 2, 908),
(777, 1, 909),
(778, 2, 909),
(779, 2, 910),
(780, 1, 913),
(781, 2, 913),
(782, 2, 915),
(783, 1, 917),
(784, 2, 917),
(785, 1, 918),
(786, 2, 920);

-- --------------------------------------------------------

--
-- Table structure for table `reason`
--

CREATE TABLE IF NOT EXISTS `reason` (
  `reasonId` int(11) NOT NULL AUTO_INCREMENT,
  `reasonName` longtext COLLATE utf8_unicode_ci NOT NULL,
  PRIMARY KEY (`reasonId`)
) ENGINE=InnoDB  DEFAULT CHARSET=utf8 COLLATE=utf8_unicode_ci AUTO_INCREMENT=7 ;

--
-- Dumping data for table `reason`
--

INSERT INTO `reason` (`reasonId`, `reasonName`) VALUES
(1, 'Cheap'),
(2, 'Effective'),
(3, 'Familiar'),
(4, 'Expensive'),
(5, 'Ineffective'),
(6, 'Unfamiliar');

--
-- Constraints for dumped tables
--

--
-- Constraints for table `cropproductrelational`
--
ALTER TABLE `cropproductrelational`
  ADD CONSTRAINT `FK_11994F0C36799605` FOREIGN KEY (`productId`) REFERENCES `product` (`productId`) ON DELETE CASCADE,
  ADD CONSTRAINT `FK_11994F0CE060B1F0` FOREIGN KEY (`cropId`) REFERENCES `crop` (`cropId`) ON DELETE CASCADE;

--
-- Constraints for table `farmer`
--
ALTER TABLE `farmer`
  ADD CONSTRAINT `FK_EB29A9B996D7286D` FOREIGN KEY (`locationId`) REFERENCES `location` (`locationId`) ON DELETE CASCADE;

--
-- Constraints for table `locationproductrelational`
--
ALTER TABLE `locationproductrelational`
  ADD CONSTRAINT `FK_9A14FF4A36799605` FOREIGN KEY (`productId`) REFERENCES `product` (`productId`) ON DELETE CASCADE,
  ADD CONSTRAINT `FK_9A14FF4A96D7286D` FOREIGN KEY (`locationId`) REFERENCES `location` (`locationId`) ON DELETE CASCADE;

--
-- Constraints for table `otherrealocprodrelational`
--
ALTER TABLE `otherrealocprodrelational`
  ADD CONSTRAINT `FK_8947F0974B1D7324` FOREIGN KEY (`locationProductId`) REFERENCES `locationproductrelational` (`entryId`) ON DELETE CASCADE;

--
-- Constraints for table `realocprodrelational`
--
ALTER TABLE `realocprodrelational`
  ADD CONSTRAINT `FK_3A8B1F2C4B1D7324` FOREIGN KEY (`locationProductId`) REFERENCES `locationproductrelational` (`entryId`) ON DELETE CASCADE,
  ADD CONSTRAINT `FK_3A8B1F2C656B3C54` FOREIGN KEY (`reasonId`) REFERENCES `reason` (`reasonId`) ON DELETE CASCADE;

/*!40101 SET CHARACTER_SET_CLIENT=@OLD_CHARACTER_SET_CLIENT */;
/*!40101 SET CHARACTER_SET_RESULTS=@OLD_CHARACTER_SET_RESULTS */;
/*!40101 SET COLLATION_CONNECTION=@OLD_COLLATION_CONNECTION */;
